playerid,Name,Team,MarApr_PA,MarApr_AB,MarApr_H,MarApr_HR,MarApr_R,MarApr_RBI,MarApr_SB,MarApr_BB%,MarApr_K%,MarApr_ISO,MarApr_BABIP,MarApr_AVG,MarApr_OBP,MarApr_SLG,MarApr_LD%,MarApr_GB%,MarApr_FB%,MarApr_IFFB%,MarApr_HR/FB,MarApr_O-Swing%,MarApr_Z-Swing%,MarApr_Swing%,MarApr_O-Contact%,MarApr_Z-Contact%,MarApr_Contact%,FullSeason_OBP
15998,Cody Bellinger,LAD,132,109,47,14,32,37,5,14.40%,11.40%,0.459,0.398,0.431,0.508,0.89,34.00%,29.90%,36.10%,5.70%,40.00%,22.60%,66.00%,40.70%,81.10%,88.40%,86.00%,0.406
11477,Christian Yelich,MIL,124,102,36,14,26,34,6,16.10%,16.10%,0.451,0.319,0.353,0.46,0.804,15.70%,43.40%,41.00%,11.80%,41.20%,27.90%,72.40%,44.80%,56.60%,87.80%,75.70%,0.429
17975,Scott Kingery,PHI,35,32,13,2,5,6,1,2.90%,14.30%,0.313,0.44,0.406,0.457,0.719,14.80%,51.90%,33.30%,0.00%,22.20%,40.20%,74.50%,53.50%,54.30%,85.40%,71.10%,0.315
7927,Eric Sogard,TOR,49,43,17,3,8,9,2,10.20%,10.20%,0.302,0.4,0.395,0.458,0.698,29.70%,29.70%,40.50%,0.00%,20.00%,27.30%,50.50%,37.30%,93.90%,97.80%,96.20%,0.353
14130,Daniel Vogelbach,SEA,92,71,22,8,15,16,0,21.70%,21.70%,0.423,0.318,0.31,0.457,0.732,21.20%,26.90%,51.90%,7.40%,29.60%,23.70%,48.80%,33.70%,66.10%,82.70%,75.70%,0.341
12861,Anthony Rendon,WSN,86,73,26,6,21,18,0,10.50%,17.40%,0.384,0.377,0.356,0.442,0.74,20.30%,30.50%,49.20%,10.30%,20.70%,22.90%,64.60%,40.30%,71.70%,93.50%,86.30%,0.412
15161,Mitch Garver,MIN,50,46,16,5,11,10,0,8.00%,26.00%,0.413,0.393,0.348,0.4,0.761,18.20%,42.40%,39.40%,0.00%,38.50%,20.90%,51.10%,32.90%,57.10%,91.10%,78.10%,0.365
13499,Tom Murphy,SEA,30,27,10,2,3,4,0,10.00%,36.70%,0.333,0.571,0.37,0.433,0.704,37.50%,12.50%,50.00%,0.00%,25.00%,29.50%,64.50%,45.00%,39.10%,82.50%,66.70%,0.324
15117,Hunter Dozier,KCR,103,86,30,7,14,17,0,14.60%,17.50%,0.337,0.371,0.349,0.447,0.686,18.80%,31.90%,49.30%,0.00%,20.60%,22.40%,55.30%,37.00%,51.10%,94.40%,79.90%,0.348
15672,Austin Meadows,TBR,83,74,26,6,11,19,3,9.60%,21.70%,0.324,0.4,0.351,0.422,0.676,23.20%,33.90%,42.90%,12.50%,25.00%,26.90%,56.70%,38.50%,58.30%,83.80%,72.90%,0.364
17321,Michael Chavis,BOS,39,32,10,3,7,8,1,15.40%,25.60%,0.313,0.368,0.313,0.436,0.625,9.10%,45.50%,45.50%,10.00%,30.00%,24.20%,67.10%,42.90%,50.00%,68.10%,62.30%,0.322
14128,Joey Gallo,TEX,109,87,23,10,20,25,0,19.30%,34.90%,0.414,0.325,0.264,0.404,0.678,28.00%,30.00%,42.00%,4.80%,47.60%,23.30%,69.40%,41.20%,32.40%,74.40%,59.90%,0.389
10155,Mike Trout,LAA,119,85,25,6,19,16,4,24.40%,11.80%,0.271,0.288,0.294,0.487,0.565,27.80%,31.90%,40.30%,6.90%,20.70%,16.10%,57.90%,33.50%,81.40%,96.40%,92.20%,0.438
11609,Willson Contreras,CHC,98,80,23,7,17,17,1,13.30%,28.60%,0.338,0.356,0.288,0.418,0.625,13.70%,41.20%,45.10%,8.70%,30.40%,32.10%,70.30%,45.60%,59.80%,79.80%,70.70%,0.355
8709,Elvis Andrus,TEX,120,108,39,5,19,20,6,8.30%,19.20%,0.222,0.425,0.361,0.425,0.583,30.60%,45.90%,23.50%,0.00%,25.00%,31.10%,57.10%,42.00%,61.20%,83.90%,74.10%,0.313
15172,Tim Anderson,CHW,99,96,36,6,21,18,10,2.00%,21.20%,0.24,0.435,0.375,0.394,0.615,22.70%,46.70%,30.70%,4.30%,26.10%,44.80%,79.40%,58.00%,66.30%,88.50%,77.90%,0.357
15149,Trey Mancini,BAL,121,110,39,6,23,14,0,8.30%,20.70%,0.264,0.413,0.355,0.405,0.618,25.60%,37.20%,37.20%,12.50%,18.80%,33.70%,69.30%,48.70%,68.80%,81.40%,76.40%,0.364
15653,Dominic Smith,NYM,34,27,10,0,7,4,0,17.60%,17.60%,0.074,0.476,0.37,0.5,0.444,23.80%,42.90%,33.30%,14.30%,0.00%,29.70%,63.80%,43.00%,77.80%,73.00%,75.00%,0.355
18015,Paul DeJong,STL,129,117,40,5,26,13,2,7.80%,17.10%,0.265,0.389,0.342,0.403,0.607,27.40%,29.50%,43.20%,9.80%,12.20%,25.50%,72.30%,46.60%,60.60%,85.10%,77.70%,0.318
19251,Pete Alonso,NYM,123,106,31,9,20,26,0,11.40%,28.50%,0.349,0.349,0.292,0.382,0.642,19.40%,41.70%,38.90%,7.10%,32.10%,33.70%,63.70%,45.00%,57.00%,83.10%,70.90%,0.358
16472,Rhys Hoskins,PHI,128,104,29,8,19,24,0,16.40%,25.80%,0.308,0.333,0.279,0.414,0.587,19.70%,29.60%,50.70%,16.70%,22.20%,22.40%,57.80%,37.60%,68.80%,84.60%,79.20%,0.364
12858,Brian Goodwin,LAA,95,80,27,4,19,11,0,12.60%,21.10%,0.238,0.404,0.338,0.426,0.575,29.50%,32.80%,37.70%,0.00%,17.40%,24.60%,60.10%,40.20%,61.40%,85.50%,77.20%,0.326
3174,Shin-Soo Choo,TEX,117,102,34,3,20,11,2,11.10%,18.80%,0.235,0.403,0.333,0.419,0.569,20.30%,45.60%,34.20%,0.00%,11.10%,20.90%,67.30%,42.60%,45.30%,84.70%,74.40%,0.371
15362,Jeff McNeil,NYM,116,100,37,1,15,12,0,8.60%,9.50%,0.13,0.409,0.37,0.457,0.5,21.80%,46.00%,32.20%,10.70%,3.60%,31.90%,78.10%,51.10%,67.10%,88.60%,80.80%,0.384
13419,Christian Walker,ARI,113,101,31,7,16,15,3,10.60%,29.20%,0.307,0.393,0.307,0.381,0.614,19.10%,41.20%,39.70%,7.40%,25.90%,30.40%,73.30%,48.00%,46.80%,75.00%,64.50%,0.348
13152,Jorge Polanco,MIN,113,100,32,5,15,10,0,9.70%,15.90%,0.28,0.346,0.32,0.389,0.6,27.20%,19.80%,53.10%,7.00%,11.60%,30.20%,62.40%,43.80%,77.50%,88.40%,84.10%,0.356
4229,Howie Kendrick,WSN,63,51,16,4,11,13,0,12.70%,14.30%,0.294,0.293,0.314,0.397,0.608,15.60%,42.20%,42.20%,0.00%,21.10%,28.90%,65.90%,43.00%,78.00%,96.60%,88.90%,0.395
13338,Omar Narvaez,SEA,91,77,25,5,20,13,0,13.20%,18.70%,0.221,0.357,0.325,0.418,0.545,21.30%,32.80%,45.90%,7.10%,17.90%,27.60%,71.20%,45.90%,75.80%,81.00%,79.20%,0.353
17027,Alex Verdugo,LAD,72,69,23,4,8,16,0,4.20%,11.10%,0.29,0.333,0.333,0.361,0.623,21.30%,45.90%,32.80%,0.00%,20.00%,25.30%,59.40%,40.20%,80.00%,95.10%,89.80%,0.342
16578,Yandy Diaz,TBR,114,94,28,7,18,18,1,14.90%,17.50%,0.298,0.3,0.298,0.395,0.596,14.30%,54.50%,31.20%,8.30%,29.20%,21.20%,69.30%,41.00%,63.20%,80.20%,75.00%,0.34
9134,Tyler Flowers,ATL,59,53,18,3,7,4,0,6.80%,30.50%,0.208,0.469,0.34,0.407,0.547,28.60%,34.30%,37.10%,7.70%,23.10%,24.60%,64.90%,42.90%,48.50%,83.30%,72.40%,0.319
2434,Nelson Cruz,MIN,91,78,23,5,14,15,0,11.00%,25.30%,0.269,0.36,0.295,0.396,0.564,29.10%,23.60%,47.30%,3.80%,19.20%,27.20%,70.50%,42.60%,47.70%,82.80%,68.40%,0.392
12859,James McCann,CHW,60,56,20,2,9,5,2,6.70%,21.70%,0.179,0.439,0.357,0.4,0.536,30.20%,32.60%,37.20%,0.00%,12.50%,29.80%,68.80%,47.70%,56.40%,81.80%,73.30%,0.328
11899,Joc Pederson,LAD,110,92,22,10,22,18,0,10.90%,19.10%,0.38,0.194,0.239,0.355,0.62,14.10%,43.70%,42.30%,6.70%,33.30%,31.00%,66.30%,46.10%,72.70%,84.40%,79.90%,0.339
11442,Gary Sanchez,NYY,67,60,14,8,10,18,0,7.50%,26.90%,0.433,0.176,0.233,0.313,0.667,14.30%,21.40%,64.30%,14.80%,29.60%,38.20%,57.90%,46.20%,53.30%,82.30%,68.00%,0.316
15983,Clint Frazier,NYY,73,68,22,6,10,17,0,4.10%,21.90%,0.309,0.333,0.324,0.342,0.632,20.40%,37.00%,42.60%,4.30%,26.10%,24.80%,73.80%,46.70%,37.50%,84.40%,70.60%,0.317
17232,Yoan Moncada,CHW,115,105,33,6,22,20,2,7.80%,22.60%,0.257,0.37,0.314,0.374,0.571,22.80%,40.50%,36.70%,10.30%,20.70%,26.50%,67.80%,46.00%,55.60%,84.80%,76.00%,0.367
5361,Freddie Freeman,ATL,133,110,33,5,23,18,0,15.80%,18.00%,0.2,0.346,0.3,0.421,0.5,32.60%,33.70%,33.70%,0.00%,17.20%,27.80%,79.50%,48.40%,67.40%,77.90%,74.30%,0.389
11875,Ronny Rodriguez,DET,32,29,8,2,6,4,1,6.30%,25.00%,0.414,0.3,0.276,0.313,0.69,9.50%,33.30%,57.10%,8.30%,16.70%,46.60%,68.20%,55.90%,55.60%,76.70%,66.70%,0.252
4940,Jason Heyward,CHC,101,81,25,5,15,15,4,16.80%,13.90%,0.198,0.313,0.309,0.426,0.506,17.40%,46.40%,36.20%,12.00%,20.00%,26.00%,66.20%,41.90%,74.10%,91.10%,84.70%,0.343
16505,Matt Chapman,OAK,120,101,29,7,12,17,0,11.70%,11.70%,0.267,0.268,0.287,0.383,0.554,15.70%,40.40%,43.80%,17.90%,17.90%,22.20%,59.10%,38.40%,83.60%,85.60%,85.00%,0.342
16219,J.D. Davis,NYM,74,63,19,3,12,8,0,14.90%,16.20%,0.206,0.333,0.302,0.405,0.508,25.50%,49.00%,25.50%,7.70%,23.10%,20.00%,68.10%,42.40%,67.70%,81.50%,78.00%,0.369
5209,Alex Gordon,KCR,124,103,31,5,18,22,0,9.70%,11.30%,0.243,0.299,0.301,0.395,0.544,18.90%,45.60%,35.60%,3.10%,15.60%,22.90%,75.90%,44.90%,66.70%,89.90%,82.90%,0.345
10324,Marcell Ozuna,STL,114,100,26,10,24,28,3,11.40%,21.90%,0.35,0.246,0.26,0.351,0.61,21.30%,37.30%,41.30%,9.70%,32.30%,31.60%,67.00%,46.20%,55.30%,80.20%,70.10%,0.328
14811,Luke Voit,NYY,130,109,30,8,21,25,0,13.80%,23.80%,0.248,0.314,0.275,0.392,0.523,34.60%,34.60%,30.80%,0.00%,33.30%,25.80%,78.10%,47.70%,46.80%,81.00%,70.20%,0.378
15640,Aaron Judge,NYY,89,73,21,5,13,11,2,15.70%,29.20%,0.233,0.372,0.288,0.404,0.521,31.30%,39.60%,29.20%,0.00%,35.70%,24.10%,66.50%,42.40%,38.50%,78.00%,65.20%,0.381
13145,Josh Bell,PIT,113,98,28,6,16,21,0,10.60%,23.90%,0.306,0.328,0.286,0.363,0.592,20.50%,42.50%,37.00%,3.70%,22.20%,27.20%,73.20%,44.20%,66.70%,80.50%,75.10%,0.367
10681,Gio Urshela,NYY,66,58,20,1,8,6,1,7.60%,13.60%,0.155,0.388,0.345,0.409,0.5,34.00%,40.00%,26.00%,15.40%,7.70%,37.10%,69.40%,50.60%,76.80%,89.30%,84.00%,0.355
12979,Javier Baez,CHC,123,116,35,9,23,22,2,5.70%,26.80%,0.31,0.351,0.302,0.341,0.612,16.90%,43.40%,39.80%,6.10%,27.30%,45.40%,75.40%,55.70%,55.60%,85.00%,69.30%,0.316
16376,Michael Conforto,NYM,129,104,28,6,20,14,2,17.10%,22.50%,0.25,0.314,0.269,0.403,0.519,25.00%,26.30%,48.70%,5.40%,16.20%,23.50%,66.70%,40.50%,61.50%,81.90%,74.80%,0.363
6153,Eduardo Escobar,ARI,124,109,33,5,17,17,0,8.90%,21.80%,0.239,0.359,0.303,0.379,0.541,22.90%,41.00%,36.10%,3.30%,16.70%,37.70%,60.20%,46.30%,61.40%,85.70%,73.50%,0.32
12856,George Springer,HOU,135,117,32,9,21,24,3,11.90%,25.90%,0.291,0.311,0.274,0.363,0.564,14.50%,49.40%,36.10%,6.70%,30.00%,21.40%,71.50%,42.90%,55.60%,79.00%,72.30%,0.383
14162,Carlos Correa,HOU,116,104,31,6,12,18,1,8.60%,26.70%,0.26,0.368,0.298,0.362,0.558,28.80%,37.00%,34.20%,8.00%,24.00%,29.50%,65.00%,45.00%,59.20%,85.40%,75.70%,0.358
4866,Jarrod Dyson,ARI,75,64,20,3,13,8,3,13.30%,16.00%,0.188,0.34,0.313,0.4,0.5,20.40%,59.20%,20.40%,0.00%,30.00%,23.40%,64.70%,40.30%,55.00%,90.90%,78.60%,0.313
17678,Alex Bregman,HOU,122,96,26,5,14,14,2,18.00%,14.80%,0.208,0.28,0.271,0.41,0.479,27.50%,25.00%,47.50%,13.20%,13.20%,17.50%,59.00%,35.10%,62.00%,91.90%,83.30%,0.423
13611,Mookie Betts,BOS,132,112,33,6,22,15,1,13.60%,14.40%,0.232,0.307,0.295,0.394,0.527,16.00%,41.50%,42.60%,17.50%,15.00%,17.20%,58.10%,35.80%,73.10%,93.20%,87.90%,0.391
5038,Josh Donaldson,ATL,119,97,25,5,20,13,0,17.60%,26.90%,0.237,0.333,0.258,0.395,0.495,16.90%,49.20%,33.80%,9.10%,22.70%,22.70%,72.90%,42.30%,54.20%,77.00%,69.50%,0.379
12144,Max Kepler,MIN,102,90,25,7,15,16,0,10.80%,17.60%,0.289,0.273,0.278,0.353,0.567,13.70%,39.70%,46.60%,14.70%,20.60%,30.90%,77.40%,51.00%,58.70%,91.70%,80.30%,0.336
2967,Tommy Pham,TBR,125,102,30,4,14,12,6,16.80%,15.20%,0.167,0.325,0.294,0.416,0.461,21.40%,54.80%,23.80%,5.00%,20.00%,14.10%,65.20%,36.90%,66.70%,87.70%,83.20%,0.369
3353,Matt Joyce,ATL,30,27,7,2,3,5,0,10.00%,26.70%,0.333,0.294,0.259,0.333,0.593,15.80%,31.60%,52.60%,0.00%,20.00%,22.00%,61.80%,41.20%,53.80%,79.40%,72.30%,0.408
19709,Fernando Tatis Jr.,SDP,111,100,30,6,14,13,6,7.20%,28.80%,0.25,0.381,0.3,0.36,0.55,13.40%,49.30%,37.30%,8.00%,24.00%,34.50%,71.70%,49.00%,54.90%,78.00%,68.10%,0.379
18882,Brandon Lowe,TBR,100,90,26,6,17,17,3,8.00%,33.00%,0.278,0.385,0.289,0.35,0.567,32.80%,36.20%,31.00%,11.10%,33.30%,33.30%,79.20%,52.50%,38.50%,77.40%,63.00%,0.336
3892,Josh Reddick,HOU,99,91,32,3,13,7,1,8.10%,11.10%,0.132,0.377,0.352,0.404,0.484,25.30%,38.00%,36.70%,3.40%,10.30%,35.70%,78.10%,54.00%,74.60%,93.20%,86.20%,0.319
4892,Mike Moustakas,MIL,102,90,24,7,14,15,1,10.80%,20.60%,0.289,0.274,0.267,0.353,0.556,22.10%,30.90%,47.10%,21.90%,21.90%,34.40%,66.20%,46.00%,69.30%,85.70%,78.00%,0.329
14523,Pedro Severino,BAL,47,42,11,4,5,8,0,8.50%,21.30%,0.31,0.25,0.262,0.34,0.571,18.80%,40.60%,40.60%,30.80%,30.80%,21.90%,60.00%,38.90%,47.80%,88.20%,75.70%,0.321
18401,Ronald Acuna Jr.,ATL,128,105,29,6,17,19,2,14.10%,21.90%,0.219,0.324,0.276,0.392,0.495,23.40%,42.90%,33.80%,7.70%,23.10%,23.10%,70.10%,42.00%,74.70%,82.20%,79.80%,0.365
3711,Eric Thames,MIL,63,55,15,5,10,16,0,7.90%,34.90%,0.291,0.345,0.273,0.349,0.564,29.40%,20.60%,50.00%,0.00%,29.40%,25.30%,68.20%,43.50%,45.90%,83.60%,70.90%,0.346
13744,David Dahl,COL,89,81,26,2,11,8,0,6.70%,31.50%,0.222,0.462,0.321,0.364,0.543,28.30%,37.70%,34.00%,0.00%,11.10%,40.70%,72.30%,52.60%,54.00%,77.70%,66.30%,0.353
4106,Michael Brantley,HOU,129,118,39,5,17,18,3,7.00%,10.90%,0.186,0.34,0.331,0.38,0.517,26.20%,46.60%,27.20%,0.00%,17.90%,27.90%,62.30%,43.90%,83.10%,96.90%,92.20%,0.372
2396,Carlos Santana,CLE,114,95,30,3,17,16,1,15.80%,15.80%,0.147,0.365,0.316,0.43,0.463,20.80%,53.20%,26.00%,0.00%,15.00%,23.60%,70.20%,42.70%,57.80%,87.10%,77.60%,0.397
6184,J.D. Martinez,BOS,120,105,34,4,15,15,1,10.00%,14.20%,0.171,0.353,0.324,0.4,0.495,18.00%,41.60%,40.40%,0.00%,11.10%,34.80%,79.10%,54.40%,55.10%,89.30%,77.10%,0.383
12371,Tommy La Stella,LAA,90,76,19,7,15,18,0,11.10%,5.60%,0.289,0.188,0.25,0.352,0.539,21.10%,42.30%,36.60%,7.70%,26.90%,18.90%,56.80%,38.40%,91.20%,90.70%,90.80%,0.346
2151,Edwin Encarnacion,SEA,114,95,24,8,19,20,0,13.20%,17.50%,0.263,0.235,0.253,0.368,0.516,23.70%,32.90%,43.40%,6.10%,24.20%,25.90%,62.80%,40.50%,68.40%,78.30%,74.50%,0.344
10322,Danny Santana,TEX,63,59,20,2,13,9,5,1.60%,25.40%,0.203,0.429,0.339,0.355,0.542,29.50%,34.10%,36.40%,12.50%,12.50%,38.50%,72.70%,54.70%,66.00%,87.50%,79.50%,0.324
5930,Nick Markakis,ATL,121,103,34,2,18,18,0,12.40%,13.20%,0.146,0.364,0.33,0.405,0.476,30.00%,50.00%,20.00%,0.00%,11.10%,27.50%,63.20%,43.10%,85.50%,88.50%,87.40%,0.356
5933,Jean Segura,PHI,83,76,25,1,15,11,1,6.00%,13.30%,0.158,0.375,0.329,0.386,0.487,16.90%,58.50%,24.60%,0.00%,6.30%,33.50%,56.30%,43.30%,77.40%,94.00%,86.70%,0.323
5452,Ji-Man Choi,TBR,80,67,20,1,10,8,1,12.50%,20.00%,0.164,0.373,0.299,0.4,0.463,28.80%,48.10%,23.10%,8.30%,8.30%,19.10%,69.60%,41.70%,68.60%,84.50%,80.40%,0.363
4062,Dexter Fowler,STL,94,80,25,1,12,7,1,12.80%,21.30%,0.113,0.407,0.313,0.415,0.425,35.60%,40.70%,23.70%,7.10%,7.10%,19.80%,70.70%,40.80%,59.60%,80.50%,74.50%,0.346
2136,David Peralta,ARI,132,123,39,4,19,20,0,5.30%,24.20%,0.22,0.398,0.317,0.356,0.537,25.00%,46.70%,28.30%,3.80%,15.40%,38.40%,67.00%,50.60%,66.00%,85.80%,77.20%,0.343
14593,David Bote,CHC,74,65,18,3,11,14,0,9.50%,20.30%,0.231,0.319,0.277,0.365,0.508,14.00%,56.00%,30.00%,13.30%,20.00%,28.20%,62.40%,42.40%,58.00%,91.00%,78.10%,0.362
4810,Brian McCann,ATL,48,40,13,1,2,8,0,12.50%,8.30%,0.125,0.333,0.325,0.417,0.45,18.90%,51.40%,29.70%,9.10%,9.10%,29.20%,63.80%,42.30%,87.90%,90.90%,89.60%,0.323
3473,Anthony Rizzo,CHC,124,101,23,6,20,18,1,12.90%,16.10%,0.257,0.227,0.228,0.371,0.485,21.00%,37.00%,42.00%,8.80%,17.60%,32.00%,58.80%,42.40%,75.50%,88.30%,82.40%,0.405
7996,Jose Martinez,STL,82,77,28,1,12,13,1,4.90%,18.30%,0.104,0.435,0.364,0.39,0.468,28.60%,44.40%,27.00%,5.90%,5.90%,29.10%,61.00%,44.00%,71.70%,91.80%,84.70%,0.34
9054,Justin Smoak,TOR,109,91,24,5,15,18,0,14.70%,22.00%,0.198,0.306,0.264,0.385,0.462,20.90%,28.40%,50.70%,2.90%,14.70%,21.70%,59.40%,36.90%,61.70%,89.20%,79.50%,0.342
11579,Bryce Harper,PHI,129,104,25,6,17,20,1,17.80%,29.50%,0.25,0.317,0.24,0.388,0.49,18.50%,44.60%,36.90%,16.70%,25.00%,26.90%,78.30%,47.00%,46.00%,74.10%,64.30%,0.372
12532,Kolten Wong,STL,113,92,25,4,14,15,5,14.20%,15.00%,0.196,0.292,0.272,0.398,0.467,16.40%,42.50%,41.10%,16.70%,13.30%,26.10%,65.80%,43.10%,69.70%,88.80%,82.20%,0.361
8252,Hunter Pence,TEX,62,56,17,3,14,13,1,8.10%,16.10%,0.214,0.318,0.304,0.355,0.518,21.30%,53.20%,25.50%,8.30%,25.00%,34.10%,71.00%,50.00%,66.70%,85.90%,78.40%,0.358
9549,David Freese,LAD,53,43,10,2,8,8,0,18.90%,18.90%,0.233,0.258,0.233,0.377,0.465,27.30%,51.50%,21.20%,0.00%,28.60%,26.80%,60.20%,41.30%,73.50%,86.40%,81.70%,0.403
6368,Adam Jones,ARI,126,112,32,5,13,18,0,7.10%,14.30%,0.214,0.303,0.286,0.36,0.5,18.30%,45.20%,36.60%,23.50%,14.70%,35.80%,69.90%,50.10%,63.90%,90.50%,79.50%,0.313
9218,Paul Goldschmidt,STL,132,116,30,9,22,19,0,11.40%,25.80%,0.259,0.288,0.259,0.348,0.517,15.90%,37.80%,46.30%,2.60%,23.70%,30.00%,66.30%,45.10%,78.20%,77.40%,77.70%,0.346
7185,Logan Forsythe,TEX,94,79,22,3,13,14,1,12.80%,23.40%,0.19,0.345,0.278,0.376,0.468,24.10%,41.40%,34.50%,5.00%,15.00%,12.90%,51.00%,30.50%,76.70%,89.20%,86.40%,0.325
11368,Yasmani Grandal,MIL,104,92,26,6,16,12,3,9.60%,22.10%,0.217,0.313,0.283,0.356,0.5,22.10%,47.10%,30.90%,9.50%,28.60%,32.70%,64.30%,46.90%,61.60%,78.60%,72.10%,0.38
12564,Trevor Story,COL,131,118,33,7,22,19,6,6.90%,25.20%,0.237,0.329,0.28,0.344,0.517,20.90%,33.70%,45.30%,5.10%,17.90%,31.70%,71.80%,48.60%,71.60%,79.20%,76.30%,0.363
12155,Eddie Rosario,MIN,112,105,25,11,20,24,0,6.30%,16.10%,0.362,0.184,0.238,0.286,0.6,10.30%,37.90%,51.70%,8.90%,24.40%,44.20%,76.40%,55.50%,71.90%,88.50%,79.90%,0.3
4316,Daniel Murphy,COL,38,33,8,2,7,5,0,13.20%,5.30%,0.273,0.207,0.242,0.342,0.515,12.90%,29.00%,58.10%,5.60%,11.10%,36.30%,69.20%,48.30%,90.90%,91.70%,91.30%,0.328
12547,John Hicks,DET,54,49,15,1,2,4,1,9.30%,24.10%,0.163,0.4,0.306,0.37,0.469,25.00%,41.70%,33.30%,8.30%,8.30%,40.20%,77.10%,58.10%,60.00%,80.20%,73.00%,0.24
3142,Robinson Chirinos,HOU,85,69,18,3,12,12,0,11.80%,28.20%,0.232,0.341,0.261,0.361,0.493,17.40%,30.40%,52.20%,16.70%,12.50%,37.70%,68.20%,49.80%,56.00%,75.60%,66.70%,0.347
20123,Juan Soto,WSN,125,105,26,6,16,22,3,15.20%,25.60%,0.219,0.299,0.248,0.368,0.467,19.40%,47.20%,33.30%,4.20%,25.00%,23.70%,66.00%,39.70%,58.80%,87.50%,76.90%,0.401
12533,Marcus Semien,OAK,129,114,34,4,19,14,1,10.90%,13.20%,0.175,0.319,0.298,0.372,0.474,18.40%,48.00%,33.70%,15.20%,12.10%,24.60%,64.60%,42.10%,65.70%,92.70%,83.80%,0.369
10348,Domingo Santana,SEA,135,120,36,5,15,25,3,9.60%,25.90%,0.175,0.383,0.3,0.366,0.475,34.90%,41.90%,23.30%,0.00%,25.00%,27.80%,74.30%,48.10%,67.00%,85.20%,79.30%,0.329
15608,Willians Astudillo,MIN,53,49,16,2,11,7,0,1.90%,1.90%,0.204,0.292,0.327,0.34,0.531,26.00%,38.00%,36.00%,5.60%,11.10%,46.80%,84.70%,63.30%,84.10%,96.70%,91.40%,0.299
10264,Brandon Belt,SFG,114,97,23,5,13,12,1,13.20%,23.70%,0.258,0.277,0.237,0.351,0.495,21.40%,22.90%,55.70%,10.30%,12.80%,26.90%,73.50%,46.80%,59.70%,87.80%,78.50%,0.339
9847,Andrew McCutchen,PHI,131,108,26,5,24,10,1,17.60%,24.40%,0.213,0.296,0.241,0.374,0.454,17.10%,47.40%,35.50%,7.40%,18.50%,19.00%,52.30%,34.50%,52.60%,78.80%,71.10%,0.378
16556,Ozzie Albies,ATL,132,121,35,6,24,12,3,7.60%,15.90%,0.207,0.309,0.289,0.348,0.496,22.20%,45.50%,32.30%,3.10%,18.80%,41.20%,78.30%,57.20%,76.90%,83.20%,80.60%,0.352
15676,Jose Abreu,CHW,117,104,29,5,15,24,2,9.40%,23.10%,0.221,0.329,0.279,0.35,0.5,20.50%,42.30%,37.20%,6.90%,17.20%,28.60%,67.40%,44.00%,60.50%,89.70%,78.30%,0.33
15181,Ryan Cordell,CHW,42,36,9,2,6,6,1,11.90%,26.20%,0.222,0.304,0.25,0.357,0.472,16.00%,36.00%,48.00%,8.30%,16.70%,26.90%,68.50%,44.10%,57.10%,80.00%,71.80%,0.29
18030,Harrison Bader,STL,63,49,11,3,8,9,0,14.30%,31.70%,0.204,0.308,0.224,0.387,0.429,32.00%,32.00%,36.00%,11.10%,33.30%,23.90%,64.00%,41.80%,47.10%,83.60%,72.00%,0.314
5409,Pablo Sandoval,SFG,46,46,13,2,8,6,0,0.00%,26.10%,0.304,0.344,0.283,0.283,0.587,32.40%,44.10%,23.50%,0.00%,25.00%,50.00%,76.40%,61.20%,71.40%,80.00%,76.00%,0.313
4022,Melky Cabrera,PIT,88,85,28,3,8,7,1,3.40%,12.50%,0.165,0.352,0.329,0.352,0.494,25.70%,44.60%,29.70%,9.10%,13.60%,34.50%,73.60%,51.00%,81.40%,92.40%,88.10%,0.313
6609,Freddy Galvis,TOR,99,96,30,5,14,12,2,3.00%,21.20%,0.198,0.357,0.313,0.333,0.51,20.30%,40.50%,39.20%,3.40%,17.20%,35.50%,71.30%,51.50%,54.20%,83.80%,72.50%,0.296
10472,Enrique Hernandez,LAD,111,97,25,6,16,17,0,11.70%,23.40%,0.247,0.288,0.258,0.342,0.505,23.60%,34.70%,41.70%,10.00%,20.00%,26.90%,66.70%,43.10%,57.50%,89.50%,77.70%,0.304
18314,Dansby Swanson,ATL,112,96,25,5,14,22,2,10.70%,22.30%,0.26,0.29,0.26,0.339,0.521,27.00%,40.50%,32.40%,4.20%,20.80%,23.50%,68.50%,42.60%,64.10%,83.90%,77.60%,0.325
12092,Niko Goodrum,DET,98,80,19,3,12,11,3,17.30%,22.40%,0.213,0.286,0.238,0.367,0.45,33.90%,35.60%,30.50%,5.60%,16.70%,23.10%,66.50%,40.60%,55.20%,79.60%,71.30%,0.322
12161,Xander Bogaerts,BOS,123,107,29,4,18,16,0,12.20%,21.10%,0.196,0.321,0.271,0.358,0.467,22.00%,30.50%,47.60%,0.00%,10.30%,28.50%,56.30%,40.30%,67.10%,87.50%,79.20%,0.384
5417,Jose Altuve,HOU,128,113,28,9,15,20,1,10.90%,16.40%,0.265,0.226,0.248,0.328,0.513,16.70%,45.60%,37.80%,23.50%,26.50%,24.10%,68.10%,41.40%,62.90%,86.70%,78.30%,0.353
15464,Hunter Renfroe,SDP,82,75,18,6,9,12,1,7.30%,23.20%,0.333,0.235,0.24,0.293,0.573,21.10%,40.40%,38.60%,4.50%,27.30%,41.60%,70.80%,52.90%,70.90%,87.10%,79.30%,0.289
10542,Derek Dietrich,CIN,65,54,11,5,8,14,0,9.20%,20.00%,0.333,0.162,0.204,0.323,0.537,17.10%,34.10%,48.80%,25.00%,25.00%,31.10%,72.00%,47.20%,60.80%,80.50%,72.70%,0.328
13807,Kevin Plawecki,CLE,33,27,6,1,3,1,0,18.20%,18.20%,0.222,0.25,0.222,0.364,0.444,20.00%,30.00%,50.00%,20.00%,10.00%,18.20%,74.60%,43.60%,71.40%,80.90%,78.70%,0.287
14350,Raimel Tapia,COL,72,68,18,3,4,10,0,5.60%,30.60%,0.279,0.349,0.265,0.306,0.544,19.60%,43.50%,37.00%,0.00%,17.60%,40.10%,79.60%,55.60%,53.70%,80.20%,68.60%,0.309
14274,Mitch Haniger,SEA,131,115,28,6,27,17,3,9.20%,26.70%,0.261,0.293,0.243,0.328,0.504,24.70%,35.80%,39.50%,12.50%,18.80%,24.10%,60.80%,40.20%,53.80%,84.50%,74.20%,0.314
9892,Jay Bruce,SEA,92,82,16,9,14,16,0,10.90%,33.70%,0.378,0.167,0.195,0.283,0.573,15.70%,27.50%,56.90%,0.00%,31.00%,31.30%,79.90%,50.10%,52.10%,74.80%,66.10%,0.261
12180,Jorge Alfaro,MIA,83,77,22,5,9,9,0,3.60%,37.30%,0.195,0.415,0.286,0.337,0.481,28.30%,45.70%,26.10%,0.00%,41.70%,51.60%,74.60%,59.80%,54.10%,71.60%,61.80%,0.312
9015,Gordon Beckham,DET,47,41,9,3,7,4,1,10.60%,38.30%,0.293,0.3,0.22,0.319,0.512,21.70%,34.80%,43.50%,20.00%,30.00%,33.30%,66.70%,50.00%,56.30%,71.90%,66.70%,0.271
12160,Ben Gamel,MIL,65,55,15,1,10,4,1,13.80%,30.80%,0.145,0.412,0.273,0.385,0.418,28.60%,40.00%,31.40%,0.00%,9.10%,23.30%,54.50%,35.90%,55.30%,86.70%,74.50%,0.337
9393,Matt Adams,WSN,54,51,14,3,6,13,0,3.70%,35.20%,0.275,0.367,0.275,0.296,0.549,27.30%,33.30%,39.40%,7.70%,23.10%,38.10%,75.90%,53.30%,53.30%,88.30%,73.30%,0.276
11281,Whit Merrifield,KCR,130,118,34,4,22,11,5,8.50%,15.40%,0.195,0.316,0.288,0.346,0.483,29.90%,34.00%,36.10%,8.60%,11.40%,30.70%,65.70%,47.30%,79.00%,86.60%,84.00%,0.348
9308,Josh Phegley,OAK,64,61,17,3,14,13,0,3.10%,20.30%,0.23,0.311,0.279,0.313,0.508,33.30%,14.60%,52.10%,16.00%,12.00%,34.50%,65.50%,48.70%,61.20%,89.70%,78.70%,0.282
14566,Franmil Reyes,SDP,91,82,19,8,9,14,0,7.70%,22.00%,0.329,0.196,0.232,0.286,0.561,21.90%,31.30%,46.90%,0.00%,26.70%,38.80%,80.90%,56.10%,56.20%,81.10%,70.90%,0.31
8722,Jason Castro,MIN,39,31,6,2,7,4,0,20.50%,23.10%,0.226,0.2,0.194,0.359,0.419,9.10%,36.40%,54.50%,8.30%,16.70%,23.80%,65.00%,39.10%,58.30%,76.90%,69.80%,0.332
13473,Dwight Smith Jr.,BAL,114,105,29,5,19,19,3,6.10%,17.50%,0.21,0.296,0.276,0.325,0.486,20.00%,37.60%,42.40%,8.30%,13.90%,31.30%,74.40%,49.20%,51.30%,86.70%,73.50%,0.297
12284,Kevan Smith,LAA,47,41,11,1,7,3,0,8.50%,12.80%,0.146,0.294,0.268,0.362,0.415,25.70%,51.40%,22.90%,0.00%,12.50%,22.90%,63.90%,40.50%,77.30%,93.50%,88.20%,0.318
13590,Jesse Winker,CIN,103,92,21,8,17,13,0,9.70%,18.40%,0.283,0.2,0.228,0.311,0.511,26.00%,41.10%,32.90%,0.00%,33.30%,23.00%,70.70%,44.40%,75.50%,89.40%,85.50%,0.357
9874,DJ LeMahieu,NYY,113,100,31,1,18,15,2,7.10%,13.30%,0.12,0.345,0.31,0.363,0.43,27.30%,44.30%,28.40%,8.00%,4.00%,27.70%,67.70%,46.00%,76.60%,94.70%,88.80%,0.375
3086,Mitch Moreland,BOS,100,89,19,8,13,17,0,10.00%,20.00%,0.326,0.177,0.213,0.29,0.539,14.30%,45.70%,40.00%,3.60%,28.60%,28.60%,74.00%,48.60%,65.60%,77.10%,73.30%,0.328
13301,Max Muncy,LAD,110,93,23,5,11,17,0,13.60%,29.10%,0.215,0.31,0.247,0.345,0.462,17.50%,36.50%,46.00%,10.30%,17.20%,21.90%,66.80%,41.20%,58.10%,83.20%,75.60%,0.374
11850,Tyler Austin,- - -,34,28,8,0,6,1,0,17.60%,44.10%,0.036,0.615,0.286,0.412,0.321,30.80%,46.20%,23.10%,0.00%,0.00%,26.30%,61.10%,38.60%,42.30%,78.80%,62.70%,0.296
15429,Kris Bryant,CHC,121,100,23,3,18,13,1,12.40%,18.20%,0.19,0.263,0.23,0.355,0.42,21.50%,38.00%,40.50%,3.10%,9.40%,26.40%,72.00%,44.90%,69.90%,80.90%,77.00%,0.382
17350,Rafael Devers,BOS,118,102,30,0,15,8,4,11.90%,16.90%,0.078,0.366,0.294,0.385,0.373,25.60%,53.70%,20.70%,17.60%,0.00%,34.40%,69.20%,48.30%,71.60%,83.30%,78.30%,0.361
12552,Eugenio Suarez,CIN,115,100,23,7,11,16,0,11.30%,23.50%,0.26,0.239,0.23,0.322,0.49,12.20%,47.30%,40.50%,10.00%,23.30%,24.60%,68.40%,43.10%,54.30%,87.40%,76.50%,0.358
11265,Jonathan Schoop,MIN,96,90,24,4,14,11,0,3.10%,20.80%,0.222,0.303,0.267,0.313,0.489,18.60%,45.70%,35.70%,16.00%,16.00%,45.30%,79.10%,60.10%,52.60%,80.20%,68.50%,0.304
9777,Nolan Arenado,COL,129,118,32,6,20,21,1,7.00%,8.50%,0.229,0.252,0.271,0.318,0.5,17.40%,38.50%,44.00%,14.60%,12.50%,38.20%,76.00%,53.30%,73.00%,86.50%,80.70%,0.379
11339,Jake Marisnick,HOU,49,45,12,2,10,5,1,6.10%,28.60%,0.2,0.345,0.267,0.327,0.467,20.70%,51.70%,27.60%,0.00%,25.00%,33.30%,73.30%,51.20%,56.80%,80.30%,71.80%,0.289
11445,Mark Canha,OAK,51,39,8,2,8,4,0,19.60%,25.50%,0.179,0.24,0.205,0.373,0.385,7.40%,29.60%,63.00%,17.60%,11.80%,17.40%,58.90%,34.30%,66.70%,83.90%,78.80%,0.396
11739,J.T. Realmuto,PHI,114,100,28,4,18,18,0,7.90%,21.10%,0.16,0.324,0.28,0.351,0.44,23.10%,47.40%,29.50%,4.30%,17.40%,33.70%,70.40%,50.30%,69.20%,84.10%,78.60%,0.328
7949,Tim Beckham,SEA,113,103,26,5,15,17,1,8.00%,32.70%,0.223,0.344,0.252,0.319,0.476,24.20%,43.90%,31.80%,4.80%,23.80%,29.60%,61.80%,44.30%,54.70%,81.70%,71.80%,0.293
7859,Charlie Blackmon,COL,133,122,34,3,14,15,2,6.00%,16.50%,0.18,0.316,0.279,0.331,0.459,21.00%,41.00%,38.00%,15.80%,7.90%,35.20%,70.20%,51.30%,72.20%,85.60%,80.70%,0.364
17714,Christin Stewart,DET,64,54,12,3,6,13,0,10.90%,25.00%,0.296,0.243,0.222,0.313,0.519,27.50%,22.50%,50.00%,5.00%,15.00%,36.90%,79.40%,53.70%,61.80%,83.10%,74.20%,0.305
13769,Adalberto Mondesi,KCR,126,115,33,3,16,24,8,4.80%,27.00%,0.217,0.366,0.287,0.312,0.504,22.40%,38.80%,38.80%,9.10%,9.10%,43.00%,78.10%,57.30%,53.40%,84.90%,71.00%,0.291
4314,Joey Votto,CIN,110,94,23,3,13,5,0,13.60%,25.50%,0.17,0.317,0.245,0.355,0.415,19.70%,33.30%,47.00%,3.20%,9.70%,17.60%,67.50%,39.90%,60.50%,85.70%,79.50%,0.357
11737,Nick Castellanos,DET,109,99,27,2,15,8,1,8.30%,28.40%,0.182,0.373,0.273,0.33,0.455,21.70%,33.30%,44.90%,3.20%,6.50%,36.00%,75.10%,51.30%,60.00%,87.40%,75.70%,0.337
14503,Renato Nunez,BAL,117,109,29,6,17,18,0,6.00%,27.40%,0.211,0.324,0.266,0.316,0.477,20.80%,31.20%,48.10%,13.50%,16.20%,37.20%,65.80%,49.30%,57.30%,85.70%,73.30%,0.311
7539,Neil Walker,MIA,88,78,20,3,6,4,1,10.20%,21.60%,0.167,0.304,0.256,0.341,0.423,23.70%,45.80%,30.50%,5.60%,16.70%,28.60%,65.70%,43.10%,57.40%,86.70%,74.80%,0.344
11205,Adam Eaton,WSN,126,115,34,2,18,9,4,7.10%,19.80%,0.104,0.364,0.296,0.357,0.4,18.40%,41.40%,40.20%,14.30%,5.70%,32.20%,61.10%,45.10%,65.50%,88.60%,79.50%,0.365
16909,Colin Moran,PIT,63,56,15,2,5,11,0,11.10%,19.00%,0.161,0.31,0.268,0.349,0.429,20.50%,45.50%,34.10%,20.00%,13.30%,31.30%,68.10%,45.50%,68.90%,87.10%,79.40%,0.322
12927,Brandon Nimmo,NYM,105,86,20,3,17,9,1,14.30%,34.30%,0.151,0.362,0.233,0.365,0.384,28.60%,34.70%,36.70%,5.60%,16.70%,20.80%,63.40%,38.40%,36.40%,76.30%,63.60%,0.375
15711,Tyler O'Neill,STL,34,33,10,1,4,4,0,2.90%,38.20%,0.152,0.474,0.303,0.324,0.455,15.00%,45.00%,40.00%,25.00%,12.50%,42.40%,71.90%,56.10%,35.70%,61.00%,50.70%,0.311
8392,Daniel Descalso,CHC,86,76,20,2,12,11,1,11.60%,24.40%,0.145,0.34,0.263,0.349,0.408,20.00%,40.00%,40.00%,0.00%,9.10%,18.50%,60.20%,37.00%,45.00%,84.50%,73.40%,0.271
12179,Maikel Franco,PHI,118,103,26,7,15,22,0,11.90%,10.20%,0.252,0.224,0.252,0.339,0.505,15.20%,38.00%,46.70%,20.90%,16.30%,33.20%,75.00%,51.40%,67.10%,86.20%,79.30%,0.297
12510,Curt Casali,CIN,41,38,11,0,3,5,0,7.30%,29.30%,0.132,0.423,0.289,0.341,0.421,34.60%,42.30%,23.10%,0.00%,0.00%,27.50%,75.70%,48.40%,60.00%,86.80%,78.20%,0.331
18363,Victor Robles,WSN,114,106,27,5,20,12,7,4.40%,29.80%,0.226,0.328,0.255,0.301,0.481,21.20%,28.80%,50.00%,6.10%,15.20%,32.80%,68.30%,48.30%,64.70%,86.80%,78.30%,0.326
14553,Nomar Mazara,TEX,108,99,24,5,16,20,0,5.60%,18.50%,0.222,0.257,0.242,0.306,0.465,22.80%,48.10%,29.10%,0.00%,21.70%,36.60%,70.10%,50.20%,66.00%,87.00%,77.90%,0.318
17992,David Fletcher,LAA,94,88,27,1,13,10,2,6.40%,4.30%,0.102,0.313,0.307,0.351,0.409,25.00%,46.40%,28.60%,4.20%,4.20%,24.40%,47.90%,34.80%,90.40%,97.50%,94.70%,0.35
17901,Andrew Benintendi,BOS,118,102,27,2,13,13,2,9.30%,22.90%,0.147,0.333,0.265,0.342,0.412,19.50%,39.00%,41.60%,9.40%,6.30%,35.40%,74.10%,50.40%,71.10%,87.60%,80.50%,0.343
13613,Ketel Marte,ARI,125,116,29,6,15,21,3,6.40%,19.20%,0.233,0.264,0.25,0.296,0.483,17.40%,44.60%,38.00%,8.60%,17.10%,35.20%,69.10%,48.60%,72.80%,93.20%,84.30%,0.389
11038,Kevin Kiermaier,TBR,103,94,25,2,16,11,3,6.80%,21.40%,0.191,0.324,0.266,0.32,0.457,16.70%,55.60%,27.80%,0.00%,10.00%,30.30%,73.20%,50.10%,60.30%,86.30%,77.80%,0.278
5235,Justin Turner,LAD,124,104,29,1,12,10,0,12.10%,18.50%,0.058,0.341,0.279,0.379,0.337,24.10%,42.20%,33.70%,0.00%,3.60%,26.80%,64.40%,42.90%,78.50%,86.70%,83.80%,0.372
3269,Robinson Cano,NYM,108,100,27,3,9,11,0,6.50%,20.40%,0.16,0.32,0.27,0.324,0.43,27.30%,35.10%,37.70%,6.90%,10.30%,37.00%,74.00%,52.00%,69.00%,83.30%,77.30%,0.307
9927,Brett Gardner,NYY,120,104,23,5,16,11,3,11.70%,10.80%,0.202,0.209,0.221,0.325,0.423,10.00%,48.90%,41.10%,8.10%,13.50%,20.50%,55.70%,35.60%,75.00%,96.70%,89.60%,0.325
14140,Jose Rondon,CHW,43,41,11,2,4,4,0,4.70%,27.90%,0.195,0.333,0.268,0.302,0.463,20.70%,44.80%,34.50%,10.00%,20.00%,25.50%,65.80%,43.10%,64.00%,72.00%,69.30%,0.263
15191,Chad Pinder,OAK,85,79,22,3,13,11,0,4.70%,17.60%,0.165,0.306,0.278,0.318,0.443,21.50%,53.80%,24.60%,18.80%,18.80%,35.20%,82.80%,56.20%,63.20%,84.00%,76.70%,0.29
4962,Asdrubal Cabrera,TEX,89,81,19,6,14,19,0,7.90%,23.60%,0.247,0.236,0.235,0.292,0.481,16.40%,39.30%,44.30%,3.70%,22.20%,27.00%,65.00%,45.40%,63.80%,90.60%,82.40%,0.342
3256,Welington Castillo,CHW,60,49,10,2,2,8,0,15.00%,18.30%,0.163,0.222,0.204,0.35,0.367,18.40%,50.00%,31.60%,16.70%,16.70%,24.70%,55.60%,37.80%,69.40%,90.00%,82.30%,0.267
16997,Gleyber Torres,NYY,123,114,31,5,16,15,3,4.90%,22.80%,0.193,0.313,0.272,0.303,0.465,18.20%,44.30%,37.50%,6.10%,15.20%,33.50%,77.30%,52.70%,60.90%,83.80%,75.70%,0.337
8203,Dee Gordon,SEA,108,98,30,2,10,16,7,5.60%,14.80%,0.112,0.337,0.306,0.336,0.418,18.10%,45.80%,36.10%,3.30%,6.70%,29.50%,72.80%,50.40%,77.20%,90.80%,86.70%,0.304
9077,Lorenzo Cain,MIL,133,121,33,3,22,9,3,6.80%,16.50%,0.14,0.309,0.273,0.331,0.413,29.00%,48.00%,23.00%,13.00%,13.00%,26.70%,63.80%,43.30%,61.80%,89.20%,79.90%,0.325
10951,Greg Garcia,SDP,35,28,6,1,6,2,0,17.10%,17.10%,0.179,0.227,0.214,0.343,0.393,27.30%,59.10%,13.60%,0.00%,33.30%,26.50%,40.30%,31.70%,74.10%,92.00%,82.70%,0.364
12775,Brad Miller,CLE,40,36,9,1,4,4,1,10.00%,25.00%,0.167,0.32,0.25,0.325,0.417,20.80%,33.30%,45.80%,9.10%,9.10%,23.10%,69.40%,41.80%,57.10%,81.40%,73.40%,0.329
1744,Miguel Cabrera,DET,117,103,29,1,10,11,0,10.30%,26.50%,0.078,0.389,0.282,0.359,0.359,23.30%,46.60%,30.10%,4.50%,4.50%,35.50%,66.80%,48.80%,70.70%,83.50%,78.10%,0.346
10847,Andrelton Simmons,LAA,124,121,35,3,14,16,3,2.40%,8.90%,0.157,0.299,0.289,0.306,0.446,15.60%,51.40%,33.00%,11.10%,8.30%,36.20%,70.10%,50.60%,72.50%,93.90%,85.10%,0.309
14221,Jorge Soler,KCR,120,110,25,7,12,17,0,7.50%,37.50%,0.255,0.305,0.227,0.283,0.482,15.20%,43.90%,40.90%,11.10%,25.90%,29.70%,71.10%,47.00%,38.10%,84.10%,67.20%,0.354
15564,Tyler White,HOU,55,46,12,0,4,0,0,16.40%,34.50%,0.043,0.444,0.261,0.382,0.304,25.90%,48.10%,25.90%,0.00%,0.00%,24.50%,61.10%,38.40%,60.50%,84.50%,75.00%,0.308
14161,Byron Buxton,MIN,86,80,20,1,12,10,6,5.80%,25.60%,0.213,0.333,0.25,0.302,0.463,20.70%,24.10%,55.20%,12.50%,3.10%,37.40%,76.90%,53.30%,50.70%,82.80%,69.40%,0.314
7287,Carlos Gonzalez,CLE,51,46,12,2,8,5,0,7.80%,23.50%,0.13,0.313,0.261,0.333,0.391,20.60%,58.80%,20.60%,14.30%,28.60%,34.50%,74.00%,49.70%,57.50%,79.60%,70.20%,0.289
10071,Jonathan Villar,BAL,135,122,32,3,19,10,6,8.10%,17.00%,0.139,0.302,0.262,0.328,0.402,22.20%,49.50%,28.30%,10.70%,10.70%,29.30%,75.70%,49.40%,63.30%,86.00%,78.40%,0.339
16478,Kyle Schwarber,CHC,91,83,20,4,9,8,0,8.80%,29.70%,0.193,0.308,0.241,0.308,0.434,18.50%,44.40%,37.00%,0.00%,20.00%,23.50%,67.70%,42.30%,57.70%,79.30%,72.40%,0.339
3516,Eric Hosmer,SDP,120,111,28,5,14,18,0,7.50%,23.30%,0.189,0.295,0.252,0.308,0.441,23.20%,47.60%,29.30%,4.20%,20.80%,32.70%,76.40%,49.90%,60.00%,85.30%,75.20%,0.31
11846,Leonys Martin,CLE,120,104,23,5,16,8,1,9.20%,30.00%,0.183,0.286,0.221,0.319,0.404,15.20%,42.40%,42.40%,25.00%,17.90%,31.50%,75.80%,50.80%,48.10%,76.00%,66.20%,0.276
5913,Leury Garcia,CHW,111,102,29,1,21,11,4,4.50%,25.20%,0.098,0.384,0.284,0.336,0.382,18.10%,55.60%,26.40%,5.30%,5.30%,37.80%,76.40%,55.40%,55.70%,85.70%,74.50%,0.31
9112,Khris Davis,OAK,120,110,24,9,13,19,0,7.50%,28.30%,0.264,0.224,0.218,0.283,0.482,19.70%,32.90%,47.40%,2.80%,25.00%,33.10%,80.20%,52.10%,42.90%,76.80%,64.00%,0.293
15679,Rowdy Tellez,TOR,86,77,17,5,12,16,0,7.00%,31.40%,0.234,0.261,0.221,0.291,0.455,23.50%,37.30%,39.20%,5.00%,25.00%,38.60%,76.00%,51.70%,58.10%,81.50%,70.20%,0.293
13367,Stephen Piscotty,OAK,126,113,29,3,13,13,1,9.50%,23.00%,0.142,0.317,0.257,0.325,0.398,20.00%,40.00%,40.00%,2.90%,8.80%,29.50%,69.50%,46.40%,59.80%,79.40%,72.20%,0.309
10231,Jose Iglesias,CIN,84,79,24,1,9,6,0,4.80%,14.30%,0.089,0.348,0.304,0.345,0.392,29.90%,46.30%,23.90%,12.50%,6.30%,40.90%,65.40%,51.70%,79.10%,90.60%,85.50%,0.318
2530,Yonder Alonso,CHW,100,84,16,5,13,13,0,16.00%,15.00%,0.214,0.172,0.19,0.32,0.405,18.80%,39.10%,42.00%,10.30%,17.20%,24.20%,70.70%,43.20%,60.30%,91.50%,81.30%,0.296
9627,Yan Gomes,WSN,70,63,16,2,6,8,0,8.60%,28.60%,0.127,0.341,0.254,0.329,0.381,20.90%,44.20%,34.90%,6.70%,13.30%,34.70%,65.80%,47.70%,69.00%,74.70%,72.30%,0.316
10556,Cesar Hernandez,PHI,121,109,29,2,14,9,2,9.10%,13.20%,0.128,0.293,0.266,0.331,0.394,23.40%,45.70%,30.90%,6.90%,6.90%,28.90%,64.20%,44.60%,73.00%,88.50%,82.90%,0.333
15447,Ryon Healy,SEA,121,107,24,4,17,18,0,9.10%,20.70%,0.215,0.25,0.224,0.298,0.439,17.90%,34.50%,47.60%,17.50%,10.00%,24.80%,67.00%,44.20%,48.40%,90.80%,77.90%,0.289
10047,Wil Myers,SDP,107,101,25,5,13,11,2,5.60%,36.40%,0.198,0.351,0.248,0.29,0.446,23.70%,39.00%,37.30%,9.10%,22.70%,27.80%,66.80%,44.50%,57.40%,75.60%,69.10%,0.321
11902,Hanser Alberto,BAL,74,71,23,1,2,7,1,2.70%,10.80%,0.056,0.349,0.324,0.338,0.38,23.70%,49.20%,27.10%,6.30%,6.30%,43.60%,75.80%,55.80%,69.10%,93.10%,81.40%,0.329
5760,Avisail Garcia,TBR,104,97,24,4,12,10,2,5.80%,29.80%,0.196,0.323,0.247,0.298,0.443,18.20%,43.90%,37.90%,0.00%,16.00%,41.50%,76.90%,55.20%,48.00%,75.80%,63.10%,0.332
12546,C.J. Cron,MIN,88,82,19,5,9,14,0,5.70%,20.50%,0.22,0.237,0.232,0.284,0.451,26.60%,37.50%,35.90%,8.70%,21.70%,32.60%,71.70%,49.70%,55.70%,84.60%,73.90%,0.311
5254,Robbie Grossman,OAK,86,74,16,3,11,8,2,14.00%,18.60%,0.162,0.236,0.216,0.326,0.378,19.30%,29.80%,50.90%,3.40%,10.30%,14.30%,57.80%,35.10%,60.00%,89.20%,83.10%,0.334
7619,Mark Reynolds,COL,67,53,10,3,5,8,1,14.90%,37.30%,0.189,0.259,0.189,0.328,0.377,30.00%,36.70%,33.30%,30.00%,30.00%,26.90%,65.80%,43.80%,38.10%,78.50%,64.50%,0.29
1177,Albert Pujols,LAA,107,91,20,4,10,15,0,11.20%,13.10%,0.176,0.213,0.22,0.318,0.396,12.70%,43.00%,44.30%,25.70%,11.40%,30.40%,56.10%,41.50%,69.40%,89.10%,80.90%,0.305
10243,Randal Grichuk,TOR,119,110,27,4,16,11,0,6.70%,28.60%,0.173,0.319,0.245,0.303,0.418,19.70%,39.50%,40.80%,9.70%,12.90%,35.40%,69.90%,49.10%,49.50%,83.70%,68.80%,0.28
15518,Amed Rosario,NYM,113,106,29,2,10,17,3,6.20%,23.00%,0.132,0.346,0.274,0.319,0.406,20.00%,47.50%,32.50%,3.80%,7.70%,37.10%,74.80%,51.80%,58.70%,79.00%,70.10%,0.323
15194,Jake Bauers,CLE,99,87,21,3,12,11,1,11.10%,21.20%,0.138,0.281,0.241,0.323,0.379,16.70%,43.90%,39.40%,15.40%,11.50%,21.60%,69.60%,42.40%,64.70%,92.90%,84.70%,0.312
11493,Manny Machado,SDP,120,106,25,4,14,12,1,10.00%,25.00%,0.132,0.292,0.236,0.325,0.368,18.40%,44.70%,36.80%,17.90%,14.30%,32.60%,69.50%,46.80%,53.80%,83.70%,70.80%,0.334
13624,Corey Seager,LAD,126,110,26,2,18,9,0,11.90%,21.40%,0.127,0.296,0.236,0.333,0.364,20.50%,34.90%,44.60%,5.40%,5.40%,27.80%,74.60%,47.50%,53.20%,87.30%,75.80%,0.335
15585,Mike Ford,NYY,32,24,4,1,6,2,0,21.90%,25.00%,0.167,0.2,0.167,0.375,0.333,31.30%,31.30%,37.50%,33.30%,16.70%,19.00%,56.40%,34.30%,66.70%,90.30%,82.60%,0.35
8090,Matt Carpenter,STL,125,104,21,3,18,5,1,16.00%,24.80%,0.154,0.254,0.202,0.328,0.356,27.80%,20.80%,51.40%,0.00%,8.10%,21.10%,65.40%,40.50%,54.50%,86.20%,76.90%,0.334
9166,Buster Posey,SFG,97,88,22,1,7,9,0,8.20%,16.50%,0.148,0.292,0.25,0.309,0.398,26.00%,41.10%,32.90%,4.20%,4.20%,36.20%,63.90%,47.80%,68.80%,96.00%,84.10%,0.32
15223,Adam Frazier,PIT,105,93,24,1,13,6,2,9.50%,14.30%,0.086,0.299,0.258,0.337,0.344,28.60%,37.70%,33.80%,7.70%,3.80%,25.30%,64.10%,42.40%,75.90%,87.10%,83.30%,0.336
3312,Martin Prado,MIA,73,68,20,1,7,8,0,4.10%,13.70%,0.103,0.322,0.294,0.315,0.397,23.30%,53.30%,23.30%,14.30%,7.10%,33.10%,53.00%,41.90%,73.20%,95.70%,85.70%,0.265
11200,Kole Calhoun,LAA,121,108,21,7,17,16,0,10.70%,25.60%,0.241,0.2,0.194,0.281,0.435,16.90%,37.70%,45.50%,8.60%,20.00%,24.20%,70.50%,43.90%,43.10%,83.70%,70.90%,0.325
12158,Austin Barnes,LAD,87,73,15,3,13,10,1,13.80%,18.40%,0.164,0.218,0.205,0.322,0.37,19.00%,46.60%,34.50%,10.00%,15.00%,18.60%,58.00%,36.50%,75.00%,87.20%,83.80%,0.293
8259,Kurt Suzuki,WSN,53,48,12,2,4,9,0,3.80%,15.10%,0.146,0.256,0.25,0.302,0.396,26.80%,34.10%,39.00%,6.30%,12.50%,35.20%,78.20%,56.60%,67.70%,88.20%,81.80%,0.324
7802,Miguel Rojas,MIA,96,87,24,0,8,8,0,7.30%,8.30%,0.069,0.3,0.276,0.333,0.345,19.00%,50.60%,30.40%,8.30%,0.00%,35.10%,68.50%,50.20%,77.00%,85.70%,82.40%,0.331
8267,Chris Iannetta,COL,33,29,6,1,2,2,0,9.10%,42.40%,0.172,0.357,0.207,0.303,0.379,46.70%,33.30%,20.00%,0.00%,33.30%,24.30%,66.70%,45.20%,16.70%,68.80%,54.50%,0.311
18289,Brian Anderson,MIA,121,107,26,2,5,6,3,11.60%,21.50%,0.093,0.304,0.243,0.331,0.336,23.50%,44.40%,32.10%,11.50%,7.70%,30.90%,66.70%,46.70%,58.00%,84.80%,74.90%,0.342
11470,Tony Wolters,COL,69,60,16,0,4,5,0,11.60%,14.50%,0.1,0.314,0.267,0.348,0.367,25.50%,49.00%,25.50%,0.00%,0.00%,26.20%,62.10%,42.40%,67.60%,97.20%,87.20%,0.337
12147,Nick Ahmed,ARI,122,112,29,2,18,13,2,6.60%,20.50%,0.143,0.31,0.259,0.303,0.402,22.70%,48.90%,28.40%,12.00%,8.00%,28.80%,70.90%,48.60%,65.30%,84.00%,78.20%,0.316
11615,Brandon Drury,TOR,106,100,22,5,11,9,0,4.70%,34.90%,0.22,0.293,0.22,0.264,0.44,23.80%,34.90%,41.30%,7.70%,19.20%,33.90%,66.50%,47.20%,51.80%,83.50%,70.00%,0.262
18721,Guillermo Heredia,TBR,33,25,4,1,3,5,0,15.20%,30.30%,0.16,0.214,0.16,0.323,0.32,35.70%,50.00%,14.30%,0.00%,50.00%,26.00%,80.00%,47.20%,60.00%,70.00%,66.70%,0.306
11379,Delino DeShields,TEX,91,73,14,1,8,10,7,16.50%,19.80%,0.11,0.241,0.192,0.337,0.301,21.60%,39.20%,39.20%,10.00%,5.00%,17.80%,58.20%,35.60%,63.90%,92.40%,84.40%,0.325
4220,Ryan Zimmerman,WSN,86,75,16,3,7,11,0,11.60%,20.90%,0.16,0.236,0.213,0.302,0.373,13.80%,48.30%,37.90%,4.50%,13.60%,26.90%,59.60%,40.10%,60.30%,83.90%,74.50%,0.321
4747,Curtis Granderson,MIA,94,80,15,4,8,11,0,11.70%,34.00%,0.213,0.239,0.188,0.287,0.4,20.40%,24.50%,55.10%,11.10%,14.80%,22.20%,61.10%,36.90%,57.60%,79.80%,71.50%,0.281
15112,Ryan McMahon,COL,76,67,15,2,9,10,1,11.80%,26.30%,0.119,0.289,0.224,0.316,0.343,19.60%,52.20%,28.30%,0.00%,15.40%,28.90%,76.50%,47.40%,57.40%,81.30%,72.40%,0.329
12916,Francisco Lindor,CLE,38,37,9,3,6,6,1,0.00%,23.70%,0.243,0.231,0.243,0.237,0.486,17.20%,37.90%,44.80%,15.40%,23.10%,44.60%,70.40%,54.70%,73.00%,97.40%,85.30%,0.335
17484,Eloy Jimenez,CHW,85,79,19,3,6,8,0,5.90%,29.40%,0.139,0.314,0.241,0.294,0.38,18.50%,48.10%,33.30%,5.60%,16.70%,37.90%,72.40%,50.40%,64.20%,78.70%,71.80%,0.315
17128,Ramon Laureano,OAK,107,97,23,3,16,11,3,5.60%,26.20%,0.134,0.299,0.237,0.299,0.371,20.00%,41.40%,38.60%,0.00%,11.10%,29.30%,62.20%,43.90%,55.90%,83.50%,73.20%,0.34
7870,Jonathan Lucroy,LAA,93,86,22,2,12,11,0,6.50%,9.70%,0.093,0.267,0.256,0.312,0.349,19.50%,50.60%,29.90%,4.30%,8.70%,23.90%,56.10%,39.60%,74.50%,96.20%,89.50%,0.305
4922,Ender Inciarte,ATL,101,90,21,2,8,6,3,8.90%,21.80%,0.122,0.284,0.233,0.307,0.356,24.60%,58.50%,16.90%,0.00%,18.20%,33.00%,68.90%,49.20%,70.80%,83.90%,79.10%,0.343
17326,Cole Tucker,PIT,38,36,9,1,4,2,0,5.30%,31.60%,0.167,0.348,0.25,0.289,0.417,13.00%,60.90%,26.10%,0.00%,16.70%,33.30%,71.20%,49.30%,48.10%,83.30%,69.60%,0.266
15274,Mike Tauchman,NYY,71,62,11,3,10,8,1,12.70%,29.60%,0.21,0.211,0.177,0.282,0.387,9.80%,58.50%,31.70%,0.00%,23.10%,22.90%,67.40%,41.50%,60.50%,89.00%,79.90%,0.361
7007,Yadier Molina,STL,114,107,28,2,11,20,1,4.40%,7.90%,0.131,0.265,0.262,0.289,0.393,29.00%,41.00%,30.00%,6.70%,6.70%,40.60%,78.80%,56.30%,75.80%,92.70%,85.50%,0.312
9774,Christian Vazquez,BOS,79,72,16,4,12,13,1,7.60%,19.00%,0.208,0.222,0.222,0.278,0.431,19.00%,37.90%,43.10%,4.00%,16.00%,24.20%,65.10%,43.20%,69.40%,89.30%,83.30%,0.32
19198,Yuli Gurriel,HOU,113,104,25,1,12,9,0,7.10%,12.40%,0.135,0.267,0.24,0.292,0.375,33.00%,31.90%,35.20%,9.40%,3.10%,29.60%,67.60%,46.50%,74.20%,91.70%,85.60%,0.343
14103,Rio Ruiz,BAL,106,92,21,2,8,10,0,12.30%,21.70%,0.087,0.279,0.228,0.321,0.315,21.40%,47.10%,31.40%,13.60%,9.10%,24.90%,64.50%,41.70%,58.10%,85.60%,76.10%,0.306
5751,Hernan Perez,MIL,56,52,11,3,7,6,1,7.10%,37.50%,0.192,0.286,0.212,0.268,0.404,9.70%,41.90%,48.40%,0.00%,20.00%,42.40%,62.60%,51.10%,64.30%,71.00%,67.80%,0.262
13185,Orlando Arcia,MIL,105,98,23,4,12,11,0,6.70%,22.90%,0.163,0.271,0.235,0.286,0.398,16.40%,54.80%,28.80%,14.30%,19.00%,33.60%,65.50%,47.20%,58.20%,82.50%,72.50%,0.283
13265,Mike Zunino,TBR,70,67,15,2,7,12,0,4.30%,25.70%,0.194,0.277,0.224,0.257,0.418,20.40%,34.70%,44.90%,13.60%,9.10%,39.60%,76.90%,56.20%,47.20%,88.00%,72.10%,0.232
14950,Johan Camargo,ATL,71,65,15,1,8,10,1,8.50%,18.30%,0.138,0.275,0.231,0.296,0.369,21.20%,34.60%,44.20%,8.70%,4.30%,40.70%,77.00%,55.40%,63.20%,88.50%,77.40%,0.279
4579,Starlin Castro,MIA,122,113,28,3,11,9,1,7.40%,14.80%,0.088,0.272,0.248,0.303,0.336,13.70%,58.90%,27.40%,3.80%,11.50%,28.30%,62.60%,42.80%,76.00%,91.00%,85.30%,0.3
9810,Brian Dozier,WSN,101,87,16,4,10,6,1,12.90%,28.70%,0.149,0.222,0.184,0.297,0.333,12.10%,50.00%,37.90%,18.20%,18.20%,20.30%,58.80%,37.60%,52.10%,81.60%,72.80%,0.34
10200,Tucker Barnhart,CIN,78,67,14,2,8,5,0,12.80%,24.40%,0.119,0.261,0.209,0.312,0.328,27.10%,41.70%,31.30%,13.30%,13.30%,26.30%,65.90%,43.10%,63.00%,80.00%,74.00%,0.328
17062,Grayson Greiner,DET,77,72,16,3,7,9,0,5.20%,28.60%,0.153,0.277,0.222,0.273,0.375,14.00%,52.00%,34.00%,5.90%,17.60%,35.80%,65.70%,47.00%,51.60%,88.70%,71.10%,0.251
13621,Jeimer Candelario,DET,114,99,22,0,13,5,1,12.30%,26.30%,0.071,0.319,0.222,0.325,0.293,27.50%,31.90%,40.60%,7.10%,0.00%,30.90%,62.50%,44.30%,59.80%,90.00%,77.90%,0.306
13359,Tyler Naquin,CLE,73,70,18,1,7,7,3,4.10%,28.80%,0.114,0.354,0.257,0.288,0.371,22.40%,42.90%,34.70%,23.50%,5.90%,36.00%,69.70%,50.20%,69.50%,78.30%,74.60%,0.325
2900,Roberto Perez,CLE,70,61,13,2,3,5,0,8.60%,32.90%,0.131,0.297,0.213,0.29,0.344,23.70%,44.70%,31.60%,0.00%,16.70%,21.30%,64.00%,38.20%,38.90%,78.90%,65.40%,0.321
5384,Juan Lagares,NYM,63,55,12,1,9,5,2,9.50%,28.60%,0.091,0.306,0.218,0.306,0.309,16.20%,59.50%,24.30%,0.00%,11.10%,30.50%,62.50%,44.00%,57.40%,84.30%,73.50%,0.279
5827,Wilmer Flores,ARI,87,79,19,1,9,7,0,6.90%,9.20%,0.089,0.254,0.241,0.299,0.329,20.80%,40.30%,38.90%,21.40%,3.60%,24.90%,62.50%,43.20%,85.70%,93.00%,90.80%,0.361
13277,Joey Rickard,BAL,95,86,17,2,9,6,1,8.40%,26.30%,0.163,0.254,0.198,0.274,0.36,18.00%,37.70%,44.30%,22.20%,7.40%,31.80%,72.50%,48.70%,68.80%,83.10%,77.60%,0.312
14109,Albert Almora Jr.,CHC,76,69,18,1,7,6,2,6.60%,17.10%,0.058,0.309,0.261,0.32,0.319,12.50%,60.70%,26.80%,20.00%,6.70%,40.90%,69.80%,52.50%,60.00%,91.90%,77.00%,0.271
14712,Manuel Margot,SDP,84,83,21,2,9,9,1,1.20%,20.20%,0.133,0.297,0.253,0.262,0.386,20.30%,26.60%,53.10%,17.60%,5.90%,27.50%,70.30%,49.50%,68.30%,87.40%,82.20%,0.304
6547,Jordy Mercer,DET,51,47,11,0,2,2,0,5.90%,21.60%,0.085,0.306,0.234,0.294,0.319,19.40%,38.90%,41.70%,0.00%,0.00%,25.20%,57.00%,39.40%,72.40%,94.30%,86.60%,0.31
785,Todd Frazier,NYM,30,29,6,2,2,7,1,0.00%,33.30%,0.207,0.235,0.207,0.233,0.414,15.80%,31.60%,52.60%,0.00%,20.00%,34.60%,54.90%,42.60%,63.00%,75.00%,69.10%,0.329
13066,Teoscar Hernandez,TOR,103,92,20,2,12,13,2,9.70%,26.20%,0.12,0.281,0.217,0.291,0.337,18.20%,39.40%,42.40%,7.10%,7.10%,29.80%,72.60%,46.40%,49.40%,79.00%,67.30%,0.306
7435,Ben Zobrist,CHC,82,71,17,0,8,7,0,12.20%,12.20%,0.014,0.274,0.239,0.329,0.254,22.60%,53.20%,24.20%,13.30%,0.00%,18.20%,53.20%,32.50%,73.00%,85.10%,81.10%,0.358
9241,Starling Marte,PIT,80,75,15,3,9,11,3,2.50%,20.00%,0.2,0.214,0.2,0.241,0.4,18.60%,52.50%,28.80%,11.80%,17.60%,39.40%,76.70%,55.10%,53.80%,88.00%,73.90%,0.342
3410,Ryan Braun,MIL,105,97,19,5,11,16,1,5.70%,23.80%,0.186,0.209,0.196,0.25,0.381,12.70%,52.10%,35.20%,8.00%,20.00%,38.20%,72.50%,52.20%,56.20%,89.70%,75.10%,0.343
11982,Travis Shaw,MIL,110,98,19,4,10,8,0,9.10%,34.50%,0.153,0.268,0.194,0.282,0.347,22.00%,37.30%,40.70%,8.30%,16.70%,27.60%,66.80%,44.40%,62.50%,69.50%,67.00%,0.281
16442,Ryan O'Hearn,KCR,99,84,14,3,11,8,0,13.10%,25.30%,0.167,0.193,0.167,0.283,0.333,11.70%,50.00%,38.30%,8.70%,13.00%,25.20%,58.30%,37.60%,54.10%,86.90%,73.10%,0.281
14894,Tony Kemp,HOU,45,39,7,2,7,3,1,8.90%,17.80%,0.154,0.172,0.179,0.273,0.333,13.30%,43.30%,43.30%,0.00%,15.40%,26.40%,57.90%,41.10%,73.90%,93.20%,86.60%,0.291
1433,Wilson Ramos,NYM,99,89,22,1,12,17,0,8.10%,15.20%,0.056,0.284,0.247,0.313,0.303,20.00%,62.70%,17.30%,15.40%,7.70%,36.20%,77.90%,54.80%,61.90%,85.30%,76.70%,0.351
17719,Steven Duggar,SFG,117,108,24,3,10,11,1,5.10%,29.90%,0.139,0.292,0.222,0.265,0.361,21.90%,53.40%,24.70%,0.00%,16.70%,25.90%,63.60%,43.50%,48.50%,85.30%,73.70%,0.278
15654,Billy McKinney,TOR,92,83,19,1,10,5,0,5.40%,20.70%,0.108,0.281,0.229,0.278,0.337,24.60%,40.00%,35.40%,17.40%,4.30%,31.30%,68.70%,48.20%,64.30%,87.10%,79.00%,0.274
18042,Dylan Moore,SEA,39,35,7,1,4,3,0,5.10%,38.50%,0.114,0.316,0.2,0.282,0.314,10.00%,60.00%,30.00%,0.00%,16.70%,26.90%,77.60%,48.30%,60.70%,81.40%,74.70%,0.302
9744,Justin Bour,LAA,91,80,14,3,7,13,0,11.00%,27.50%,0.15,0.212,0.175,0.275,0.325,14.50%,47.30%,38.20%,23.80%,14.30%,26.70%,57.50%,39.60%,56.50%,87.50%,75.30%,0.259
9256,A.J. Pollock,LAD,115,103,23,2,15,14,0,7.80%,20.00%,0.107,0.263,0.223,0.287,0.33,17.10%,47.60%,35.40%,10.30%,6.90%,29.60%,68.60%,46.00%,66.20%,91.70%,82.20%,0.327
15937,Aledmys Diaz,HOU,41,39,8,2,5,9,0,2.40%,14.60%,0.231,0.188,0.205,0.22,0.436,14.70%,55.90%,29.40%,10.00%,20.00%,39.00%,75.80%,55.40%,50.00%,89.40%,74.00%,0.356
9368,Evan Longoria,SFG,109,104,22,3,9,11,1,3.70%,21.10%,0.163,0.244,0.212,0.248,0.375,19.80%,38.30%,42.00%,5.90%,8.80%,35.00%,63.90%,49.50%,69.00%,87.80%,81.20%,0.325
10199,Billy Hamilton,KCR,84,74,16,0,12,3,8,10.70%,22.60%,0.068,0.286,0.216,0.298,0.284,29.10%,43.60%,27.30%,26.70%,0.00%,27.90%,68.40%,45.90%,64.20%,85.60%,78.30%,0.289
11602,Yolmer Sanchez,CHW,72,64,15,0,7,3,1,9.70%,26.40%,0.031,0.326,0.234,0.306,0.266,20.00%,46.70%,33.30%,0.00%,0.00%,26.70%,62.70%,40.90%,75.00%,78.40%,77.00%,0.318
16512,Isiah Kiner-Falefa,TEX,59,50,10,0,7,5,1,11.90%,25.40%,0.04,0.286,0.2,0.31,0.24,17.10%,62.90%,20.00%,0.00%,0.00%,31.40%,52.50%,40.20%,68.20%,96.20%,83.30%,0.299
8418,Ehire Adrianza,MIN,42,34,6,1,5,2,0,7.10%,14.30%,0.088,0.179,0.176,0.293,0.265,31.00%,37.90%,31.00%,0.00%,11.10%,33.70%,62.90%,45.50%,87.10%,84.60%,85.70%,0.349
9272,Chris Davis,BAL,75,68,12,3,6,13,0,8.00%,37.30%,0.176,0.243,0.176,0.253,0.353,17.50%,37.50%,45.00%,0.00%,16.70%,28.50%,61.10%,41.40%,41.80%,77.90%,62.90%,0.276
12976,Austin Hedges,SDP,68,63,11,4,5,9,0,4.40%,25.00%,0.206,0.167,0.175,0.235,0.381,19.60%,39.10%,41.30%,15.80%,21.10%,33.10%,66.40%,47.90%,57.10%,81.00%,71.90%,0.252
5491,Austin Romine,NYY,47,45,11,1,5,8,0,2.10%,21.30%,0.089,0.294,0.244,0.261,0.333,11.40%,51.40%,37.10%,23.10%,7.70%,42.90%,78.00%,61.80%,63.30%,92.20%,83.00%,0.31
6885,Ian Desmond,COL,98,92,18,3,9,13,0,5.10%,26.50%,0.174,0.234,0.196,0.235,0.37,22.70%,37.90%,39.40%,11.50%,11.50%,30.50%,74.50%,49.60%,59.40%,80.80%,73.40%,0.31
12434,Kevin Pillar,- - -,111,103,21,5,13,19,3,3.60%,17.10%,0.175,0.195,0.204,0.234,0.379,18.60%,39.50%,41.90%,8.30%,13.90%,43.80%,65.80%,52.90%,73.60%,92.90%,83.60%,0.287
15986,Willy Adames,TBR,98,90,18,1,13,4,1,7.10%,29.60%,0.1,0.283,0.2,0.265,0.3,18.60%,61.00%,20.30%,0.00%,8.30%,29.80%,66.10%,47.90%,57.40%,78.20%,71.70%,0.317
13510,Jose Ramirez,CLE,121,105,19,2,13,9,9,10.70%,14.00%,0.095,0.195,0.181,0.281,0.276,22.70%,33.00%,44.30%,10.30%,5.10%,26.10%,68.00%,42.70%,73.10%,90.30%,84.00%,0.327
11936,Joe Panik,SFG,94,84,17,1,6,7,0,8.50%,11.70%,0.071,0.219,0.202,0.277,0.274,26.40%,43.10%,30.60%,9.10%,4.50%,22.00%,64.50%,41.00%,87.00%,92.70%,91.00%,0.315
17182,Jung Ho Kang,PIT,81,75,12,4,5,8,0,7.40%,34.60%,0.2,0.186,0.16,0.222,0.36,17.00%,46.80%,36.20%,11.80%,23.50%,33.50%,59.50%,44.40%,50.70%,84.10%,69.40%,0.222
14477,Jake Cave,MIN,38,34,7,0,1,3,0,10.50%,23.70%,0.029,0.28,0.206,0.289,0.235,8.00%,76.00%,16.00%,0.00%,0.00%,34.40%,77.80%,50.70%,61.30%,85.70%,75.30%,0.351
14225,Yasiel Puig,CIN,106,99,19,4,8,15,3,4.70%,25.50%,0.162,0.214,0.192,0.226,0.354,21.60%,32.40%,45.90%,11.80%,11.80%,43.00%,80.50%,58.70%,59.80%,84.70%,74.10%,0.327
14145,Daniel Robertson,TBR,88,78,14,1,7,9,1,11.40%,28.40%,0.077,0.25,0.179,0.273,0.256,11.50%,59.60%,28.80%,6.70%,6.70%,21.30%,67.10%,42.00%,53.50%,89.30%,79.40%,0.312
13369,Erik Gonzalez,PIT,59,51,11,0,2,2,3,10.20%,22.00%,0.078,0.289,0.216,0.298,0.294,11.10%,61.10%,27.80%,30.00%,0.00%,37.60%,78.20%,53.80%,59.10%,88.50%,76.20%,0.301
11342,Jesus Aguilar,MIL,92,80,13,3,8,12,0,9.80%,22.80%,0.138,0.175,0.163,0.244,0.3,23.30%,35.00%,41.70%,8.00%,12.00%,32.70%,66.20%,47.10%,55.40%,77.00%,68.50%,0.325
8610,Kendrys Morales,OAK,88,74,12,1,5,4,0,12.50%,14.80%,0.054,0.18,0.162,0.284,0.216,12.90%,48.40%,38.70%,8.30%,4.20%,23.10%,63.70%,40.50%,73.30%,90.30%,84.80%,0.313
2829,Manny Pina,MIL,31,26,4,0,1,1,0,9.70%,25.80%,0.038,0.222,0.154,0.29,0.192,27.80%,27.80%,44.40%,12.50%,0.00%,28.00%,63.00%,41.90%,65.20%,88.20%,78.90%,0.313
13620,Carson Kelly,ARI,53,51,10,0,3,6,0,1.90%,24.50%,0.137,0.263,0.196,0.226,0.333,23.70%,47.40%,28.90%,18.20%,0.00%,32.50%,69.00%,50.40%,55.30%,88.50%,77.60%,0.348
13757,Chris Taylor,LAD,80,70,12,1,4,9,1,10.00%,26.30%,0.086,0.224,0.171,0.263,0.257,16.00%,52.00%,32.00%,6.30%,6.30%,27.70%,75.50%,49.40%,57.10%,72.10%,67.50%,0.333
19238,Lourdes Gurriel Jr.,TOR,44,40,7,0,2,7,1,6.80%,27.30%,0.1,0.25,0.175,0.25,0.275,14.30%,42.90%,42.90%,25.00%,0.00%,41.70%,62.10%,49.10%,60.50%,83.30%,70.90%,0.327
9776,Jason Kipnis,CLE,50,45,9,0,2,3,1,10.00%,16.00%,0.022,0.243,0.2,0.28,0.222,8.30%,47.20%,44.40%,0.00%,0.00%,27.40%,67.90%,45.30%,69.00%,78.90%,75.60%,0.304
16535,Danny Jansen,TOR,75,66,12,0,5,4,0,9.30%,28.00%,0.061,0.261,0.182,0.267,0.242,19.60%,52.20%,28.30%,0.00%,0.00%,27.60%,63.70%,42.90%,61.70%,83.50%,75.40%,0.279
6887,Martin Maldonado,KCR,83,74,13,1,8,2,0,7.20%,18.10%,0.081,0.207,0.176,0.256,0.257,11.90%,52.50%,35.60%,14.30%,4.80%,28.20%,68.40%,46.90%,71.40%,93.30%,86.30%,0.293
8553,Gerardo Parra,SFG,96,85,16,1,8,6,2,8.30%,18.80%,0.071,0.224,0.188,0.271,0.259,23.90%,52.20%,23.90%,18.80%,6.30%,40.40%,75.40%,54.50%,63.80%,83.20%,74.60%,0.293
13593,Jose Peraza,CIN,92,89,18,2,9,7,4,2.20%,20.70%,0.101,0.235,0.202,0.228,0.303,14.30%,32.90%,52.90%,8.10%,5.40%,40.00%,72.70%,55.80%,62.50%,95.40%,83.20%,0.285
13608,Mallex Smith,SEA,110,97,16,1,15,5,8,10.00%,30.00%,0.082,0.234,0.165,0.255,0.247,15.60%,57.80%,26.60%,5.90%,5.90%,22.30%,67.10%,43.60%,54.70%,74.50%,69.20%,0.3
13324,Ildemaro Vargas,ARI,40,40,8,1,6,4,1,0.00%,17.50%,0.15,0.219,0.2,0.2,0.35,21.20%,48.50%,30.30%,0.00%,10.00%,42.50%,57.10%,49.70%,74.20%,90.00%,83.10%,0.299
14352,Lewis Brinson,MIA,82,76,15,0,4,4,0,2.40%,34.10%,0.066,0.313,0.197,0.247,0.263,20.80%,43.80%,35.40%,11.80%,0.00%,42.80%,67.20%,52.80%,53.20%,79.80%,67.10%,0.236
15082,Adam Engel,CHW,45,41,7,1,4,3,0,6.70%,37.80%,0.122,0.261,0.171,0.227,0.293,22.70%,40.90%,36.40%,12.50%,12.50%,30.40%,71.30%,48.40%,54.80%,70.20%,64.80%,0.304
5343,Brandon Crawford,SFG,112,101,20,0,5,2,1,8.90%,25.90%,0.02,0.278,0.198,0.277,0.218,25.00%,52.80%,22.20%,12.50%,0.00%,31.90%,75.00%,50.70%,44.30%,86.80%,71.70%,0.304
5497,Marwin Gonzalez,MIN,86,78,13,2,5,7,1,9.30%,24.40%,0.09,0.2,0.167,0.244,0.256,14.00%,52.60%,33.30%,10.50%,10.50%,28.20%,65.30%,42.90%,62.90%,89.40%,78.80%,0.322
5275,Francisco Cervelli,PIT,88,80,14,1,9,4,0,6.80%,27.30%,0.063,0.236,0.175,0.25,0.238,16.10%,42.90%,41.10%,4.30%,4.30%,29.00%,62.70%,44.20%,51.80%,87.90%,74.80%,0.302
10815,Jurickson Profar,OAK,102,93,15,2,9,13,3,6.90%,13.70%,0.108,0.167,0.161,0.225,0.269,20.00%,46.30%,33.80%,22.20%,7.40%,34.50%,67.30%,46.90%,75.60%,93.10%,85.00%,0.301
10030,Chris Owings,KCR,104,96,15,2,8,8,4,7.70%,32.70%,0.115,0.217,0.156,0.221,0.271,16.40%,59.00%,24.60%,6.70%,13.30%,33.80%,60.20%,45.30%,48.10%,84.90%,69.40%,0.209
3448,Jeff Mathis,TEX,51,47,8,1,7,2,0,7.80%,27.50%,0.064,0.219,0.17,0.235,0.234,15.60%,37.50%,46.90%,13.30%,6.70%,37.30%,59.80%,47.80%,46.30%,84.50%,68.70%,0.209
12282,Rougned Odor,TEX,69,62,9,1,10,5,2,8.70%,37.70%,0.081,0.229,0.145,0.232,0.226,17.60%,35.30%,47.10%,25.00%,6.30%,29.70%,69.40%,45.80%,57.40%,77.90%,70.00%,0.283
17736,Richie Martin Jr.,BAL,74,67,11,0,5,1,1,8.10%,33.80%,0.045,0.262,0.164,0.243,0.209,24.40%,46.30%,29.30%,25.00%,0.00%,34.40%,74.30%,53.40%,50.90%,82.70%,72.00%,0.26
6195,Ian Kinsler,SDP,91,83,11,2,7,2,1,8.80%,18.70%,0.108,0.141,0.133,0.209,0.241,15.40%,38.50%,46.20%,26.70%,6.70%,27.00%,65.10%,44.70%,71.70%,86.40%,81.60%,0.278
19262,Garrett Hampson,COL,81,77,14,1,8,4,1,2.50%,27.20%,0.091,0.236,0.182,0.2,0.273,17.00%,47.20%,35.80%,36.80%,5.30%,19.90%,60.80%,38.00%,50.00%,89.70%,78.00%,0.302
14818,JaCoby Jones,DET,56,51,7,1,4,1,1,3.60%,33.90%,0.078,0.194,0.137,0.214,0.216,6.30%,43.80%,50.00%,12.50%,6.30%,40.00%,64.30%,50.90%,58.30%,88.90%,75.70%,0.31
16403,Francisco Mejia,SDP,44,41,6,0,2,1,0,4.50%,27.30%,0.073,0.207,0.146,0.205,0.22,20.70%,44.80%,34.50%,20.00%,0.00%,39.80%,70.00%,52.00%,68.30%,79.60%,74.40%,0.316
12984,Jackie Bradley Jr.,BOS,99,88,13,0,5,5,3,9.10%,30.30%,0.034,0.22,0.148,0.224,0.182,8.50%,59.30%,32.20%,15.80%,0.00%,29.80%,70.60%,47.70%,48.50%,76.00%,66.30%,0.317
9253,Keon Broxton,NYM,45,41,6,0,4,2,4,8.90%,42.20%,0,0.273,0.146,0.222,0.146,13.60%,50.00%,36.40%,0.00%,0.00%,26.10%,64.20%,41.80%,36.70%,65.40%,54.90%,0.242
16357,Pablo Reyes,PIT,39,36,5,0,5,3,0,7.70%,35.90%,0,0.227,0.139,0.205,0.139,9.50%,42.90%,47.60%,10.00%,0.00%,27.30%,53.80%,38.60%,45.80%,85.70%,69.50%,0.274
6848,Eduardo Nunez,BOS,46,44,7,0,3,5,3,2.20%,17.40%,0.023,0.194,0.159,0.178,0.182,8.30%,52.80%,38.90%,21.40%,0.00%,30.70%,69.60%,50.60%,69.60%,90.90%,84.60%,0.243
16623,Greg Allen,CLE,42,38,4,0,4,6,0,4.80%,33.30%,0.053,0.16,0.105,0.167,0.158,16.00%,48.00%,36.00%,11.10%,0.00%,40.00%,71.20%,52.40%,57.50%,78.70%,69.00%,0.29