,playerid,Name,Team,MarApr_PA,MarApr_AB,MarApr_H,MarApr_HR,MarApr_R,MarApr_RBI,MarApr_SB,MarApr_BB%,MarApr_K%,MarApr_ISO,MarApr_BABIP,MarApr_AVG,MarApr_OBP,MarApr_SLG,MarApr_LD%,MarApr_GB%,MarApr_FB%,MarApr_IFFB%,MarApr_HR/FB,MarApr_O-Swing%,MarApr_Z-Swing%,MarApr_Swing%,MarApr_O-Contact%,MarApr_Z-Contact%,MarApr_Contact%,FullSeason_OBP,Predicted_OBP,Percent_Error
0,15998,Cody Bellinger,LAD,132,109,47,14,32,37,5,0.14400000000000002,0.114,0.459,0.398,0.431,0.508,0.89,0.34,0.299,0.361,0.057,0.4,0.226,0.66,0.40700000000000003,0.8109999999999999,0.884,0.86,0.406,0.49930050180457225,0.22980419163687738
1,11477,Christian Yelich,MIL,124,102,36,14,26,34,6,0.161,0.161,0.451,0.319,0.353,0.46,0.804,0.157,0.434,0.41,0.11800000000000001,0.41200000000000003,0.27899999999999997,0.7240000000000001,0.44799999999999995,0.5660000000000001,0.878,0.757,0.429,0.44615990639748226,0.039999781812312986
2,17975,Scott Kingery,PHI,35,32,13,2,5,6,1,0.028999999999999998,0.14300000000000002,0.313,0.44,0.406,0.457,0.719,0.14800000000000002,0.519,0.33299999999999996,0.0,0.222,0.402,0.745,0.535,0.5429999999999999,0.8540000000000001,0.711,0.315,0.4071988014621668,0.29269460781640255
3,7927,Eric Sogard,TOR,49,43,17,3,8,9,2,0.102,0.102,0.302,0.4,0.395,0.458,0.698,0.297,0.297,0.405,0.0,0.2,0.273,0.505,0.373,0.9390000000000001,0.978,0.9620000000000001,0.353,0.48854402943758085,0.383977420503062
4,14130,Daniel Vogelbach,SEA,92,71,22,8,15,16,0,0.217,0.217,0.423,0.318,0.31,0.457,0.732,0.212,0.26899999999999996,0.519,0.07400000000000001,0.29600000000000004,0.237,0.488,0.337,0.6609999999999999,0.8270000000000001,0.757,0.341,0.4622998218133807,0.3557179525319081
5,12861,Anthony Rendon,WSN,86,73,26,6,21,18,0,0.105,0.174,0.384,0.377,0.356,0.442,0.74,0.203,0.305,0.49200000000000005,0.10300000000000001,0.207,0.22899999999999998,0.6459999999999999,0.40299999999999997,0.7170000000000001,0.935,0.863,0.412,0.4626633684527435,0.12296934090471723
6,15161,Mitch Garver,MIN,50,46,16,5,11,10,0,0.08,0.26,0.413,0.393,0.348,0.4,0.761,0.182,0.424,0.39399999999999996,0.0,0.385,0.209,0.511,0.32899999999999996,0.5710000000000001,0.9109999999999999,0.7809999999999999,0.365,0.45550722983565317,0.2479650132483649
7,13499,Tom Murphy,SEA,30,27,10,2,3,4,0,0.1,0.36700000000000005,0.333,0.571,0.37,0.433,0.704,0.375,0.125,0.5,0.0,0.25,0.295,0.645,0.45,0.391,0.825,0.667,0.324,0.4877908233934448,0.5055272326958173
8,15117,Hunter Dozier,KCR,103,86,30,7,14,17,0,0.146,0.175,0.337,0.371,0.349,0.447,0.686,0.188,0.319,0.493,0.0,0.20600000000000002,0.22399999999999998,0.5529999999999999,0.37,0.511,0.9440000000000001,0.799,0.348,0.4445223777301892,0.2773631543970955
9,15672,Austin Meadows,TBR,83,74,26,6,11,19,3,0.096,0.217,0.324,0.4,0.351,0.422,0.676,0.23199999999999998,0.33899999999999997,0.429,0.125,0.25,0.26899999999999996,0.5670000000000001,0.385,0.583,0.838,0.7290000000000001,0.364,0.4350955551251847,0.19531745913512288
10,17321,Michael Chavis,BOS,39,32,10,3,7,8,1,0.154,0.256,0.313,0.368,0.313,0.436,0.625,0.091,0.455,0.455,0.1,0.3,0.242,0.6709999999999999,0.429,0.5,0.6809999999999999,0.623,0.322,0.39029975049849003,0.21211102639282614
11,14128,Joey Gallo,TEX,109,87,23,10,20,25,0,0.193,0.349,0.414,0.325,0.264,0.404,0.678,0.28,0.3,0.42,0.048,0.47600000000000003,0.233,0.6940000000000001,0.41200000000000003,0.324,0.7440000000000001,0.599,0.389,0.40477798455673164,0.040560371611135286
12,10155,Mike Trout,LAA,119,85,25,6,19,16,4,0.244,0.11800000000000001,0.271,0.288,0.294,0.487,0.565,0.278,0.319,0.40299999999999997,0.069,0.207,0.161,0.579,0.335,0.8140000000000001,0.9640000000000001,0.922,0.438,0.4608397279777262,0.052145497666041575
13,11609,Willson Contreras,CHC,98,80,23,7,17,17,1,0.133,0.28600000000000003,0.338,0.356,0.288,0.418,0.625,0.13699999999999998,0.41200000000000003,0.451,0.087,0.304,0.321,0.703,0.456,0.598,0.7979999999999999,0.7070000000000001,0.355,0.39393158920595683,0.10966644846748409
14,8709,Elvis Andrus,TEX,120,108,39,5,19,20,6,0.083,0.192,0.222,0.425,0.361,0.425,0.583,0.306,0.45899999999999996,0.235,0.0,0.25,0.311,0.5710000000000001,0.42,0.612,0.8390000000000001,0.741,0.313,0.43137305198767945,0.3781886644973784
15,15172,Tim Anderson,CHW,99,96,36,6,21,18,10,0.02,0.212,0.24,0.435,0.375,0.394,0.615,0.22699999999999998,0.467,0.307,0.043,0.261,0.44799999999999995,0.794,0.58,0.6629999999999999,0.885,0.779,0.357,0.4012034759116671,0.12381926025677066
16,15149,Trey Mancini,BAL,121,110,39,6,23,14,0,0.083,0.207,0.264,0.413,0.355,0.405,0.618,0.256,0.37200000000000005,0.37200000000000005,0.125,0.188,0.337,0.693,0.48700000000000004,0.688,0.8140000000000001,0.764,0.364,0.3971578538381044,0.09109300504973745
17,15653,Dominic Smith,NYM,34,27,10,0,7,4,0,0.17600000000000002,0.17600000000000002,0.074,0.476,0.37,0.5,0.444,0.23800000000000002,0.429,0.33299999999999996,0.14300000000000002,0.0,0.297,0.638,0.43,0.778,0.73,0.75,0.355,0.4186845725528753,0.1793931621207755
18,18015,Paul DeJong,STL,129,117,40,5,26,13,2,0.078,0.171,0.265,0.389,0.342,0.403,0.607,0.27399999999999997,0.295,0.43200000000000005,0.098,0.122,0.255,0.723,0.466,0.606,0.851,0.777,0.318,0.4061550728274904,0.2772172101493409
19,19251,Pete Alonso,NYM,123,106,31,9,20,26,0,0.114,0.285,0.349,0.349,0.292,0.382,0.642,0.19399999999999998,0.41700000000000004,0.389,0.071,0.321,0.337,0.637,0.45,0.57,0.831,0.7090000000000001,0.358,0.39075035499378,0.09148143853011184
20,16472,Rhys Hoskins,PHI,128,104,29,8,19,24,0,0.16399999999999998,0.258,0.308,0.333,0.279,0.414,0.587,0.19699999999999998,0.29600000000000004,0.507,0.16699999999999998,0.222,0.22399999999999998,0.578,0.376,0.688,0.846,0.792,0.364,0.4233058065640377,0.16292804001109265
21,12858,Brian Goodwin,LAA,95,80,27,4,19,11,0,0.126,0.21100000000000002,0.238,0.404,0.338,0.426,0.575,0.295,0.32799999999999996,0.377,0.0,0.174,0.24600000000000002,0.601,0.402,0.614,0.855,0.772,0.326,0.42531137501914623,0.3046361196906326
22,3174,Shin-Soo Choo,TEX,117,102,34,3,20,11,2,0.111,0.188,0.235,0.403,0.333,0.419,0.569,0.203,0.456,0.342,0.0,0.111,0.209,0.6729999999999999,0.426,0.45299999999999996,0.847,0.7440000000000001,0.371,0.4106754860450672,0.10694201090314612
23,15362,Jeff McNeil,NYM,116,100,37,1,15,12,0,0.086,0.095,0.13,0.409,0.37,0.457,0.5,0.218,0.46,0.322,0.107,0.036000000000000004,0.319,0.7809999999999999,0.511,0.6709999999999999,0.8859999999999999,0.8079999999999999,0.384,0.3840978453925151,0.0002548057096747834
24,13419,Christian Walker,ARI,113,101,31,7,16,15,3,0.106,0.292,0.307,0.393,0.307,0.381,0.614,0.191,0.41200000000000003,0.397,0.07400000000000001,0.259,0.304,0.733,0.48,0.46799999999999997,0.75,0.645,0.348,0.38268908088026127,0.09968126689730257
25,13152,Jorge Polanco,MIN,113,100,32,5,15,10,0,0.09699999999999999,0.159,0.28,0.346,0.32,0.389,0.6,0.272,0.198,0.531,0.07,0.11599999999999999,0.302,0.624,0.43799999999999994,0.775,0.884,0.841,0.356,0.40237348169169806,0.13026258902162383
26,4229,Howie Kendrick,WSN,63,51,16,4,11,13,0,0.127,0.14300000000000002,0.294,0.293,0.314,0.397,0.608,0.156,0.42200000000000004,0.42200000000000004,0.0,0.21100000000000002,0.289,0.659,0.43,0.78,0.966,0.889,0.395,0.39464763660398255,0.0008920592304239575
27,13338,Omar Narvaez,SEA,91,77,25,5,20,13,0,0.132,0.187,0.221,0.357,0.325,0.418,0.545,0.213,0.32799999999999996,0.45899999999999996,0.071,0.179,0.276,0.7120000000000001,0.45899999999999996,0.758,0.81,0.792,0.353,0.38298462081786144,0.08494226860583984
28,17027,Alex Verdugo,LAD,72,69,23,4,8,16,0,0.042,0.111,0.29,0.333,0.333,0.361,0.623,0.213,0.45899999999999996,0.32799999999999996,0.0,0.2,0.253,0.594,0.402,0.8,0.951,0.898,0.342,0.40125380289720414,0.17325673361755586
29,16578,Yandy Diaz,TBR,114,94,28,7,18,18,1,0.149,0.175,0.298,0.3,0.298,0.395,0.596,0.14300000000000002,0.545,0.312,0.083,0.292,0.212,0.693,0.41,0.632,0.802,0.75,0.34,0.37961470679175824,0.11651384350517122
30,9134,Tyler Flowers,ATL,59,53,18,3,7,4,0,0.068,0.305,0.208,0.469,0.34,0.407,0.547,0.28600000000000003,0.34299999999999997,0.371,0.077,0.231,0.24600000000000002,0.649,0.429,0.485,0.833,0.7240000000000001,0.319,0.4265197715408231,0.3370525753630818
31,2434,Nelson Cruz,MIN,91,78,23,5,14,15,0,0.11,0.253,0.269,0.36,0.295,0.396,0.564,0.29100000000000004,0.23600000000000002,0.473,0.038,0.192,0.272,0.705,0.426,0.47700000000000004,0.828,0.684,0.392,0.3828226550843094,0.023411594172680128
32,12859,James McCann,CHW,60,56,20,2,9,5,2,0.067,0.217,0.179,0.439,0.357,0.4,0.536,0.302,0.326,0.37200000000000005,0.0,0.125,0.298,0.688,0.47700000000000004,0.564,0.818,0.733,0.328,0.3957983234121911,0.20670220552497287
33,11899,Joc Pederson,LAD,110,92,22,10,22,18,0,0.109,0.191,0.38,0.194,0.239,0.355,0.62,0.141,0.43700000000000006,0.423,0.067,0.33299999999999996,0.31,0.6629999999999999,0.461,0.727,0.8440000000000001,0.799,0.339,0.34067057763294367,0.004927957619302798
34,11442,Gary Sanchez,NYY,67,60,14,8,10,18,0,0.075,0.26899999999999996,0.433,0.176,0.233,0.313,0.667,0.14300000000000002,0.214,0.643,0.14800000000000002,0.29600000000000004,0.382,0.579,0.462,0.5329999999999999,0.823,0.68,0.316,0.3479236435662969,0.10102418850093955
35,15983,Clint Frazier,NYY,73,68,22,6,10,17,0,0.040999999999999995,0.21899999999999997,0.309,0.333,0.324,0.342,0.632,0.204,0.37,0.426,0.043,0.261,0.248,0.738,0.467,0.375,0.8440000000000001,0.706,0.317,0.36495973450573715,0.15129253787298785
36,17232,Yoan Moncada,CHW,115,105,33,6,22,20,2,0.078,0.226,0.257,0.37,0.314,0.374,0.571,0.228,0.405,0.36700000000000005,0.10300000000000001,0.207,0.265,0.6779999999999999,0.46,0.556,0.848,0.76,0.367,0.3813104989161273,0.03899318505756755
37,5361,Freddie Freeman,ATL,133,110,33,5,23,18,0,0.158,0.18,0.2,0.346,0.3,0.421,0.5,0.326,0.337,0.337,0.0,0.172,0.278,0.795,0.484,0.674,0.779,0.743,0.389,0.37874882815396416,0.02635262685356261
38,11875,Ronny Rodriguez,DET,32,29,8,2,6,4,1,0.063,0.25,0.414,0.3,0.276,0.313,0.69,0.095,0.33299999999999996,0.5710000000000001,0.083,0.16699999999999998,0.466,0.682,0.5589999999999999,0.556,0.767,0.667,0.252,0.3375699270039969,0.3395632023968131
39,4940,Jason Heyward,CHC,101,81,25,5,15,15,4,0.168,0.139,0.198,0.313,0.309,0.426,0.506,0.174,0.46399999999999997,0.36200000000000004,0.12,0.2,0.26,0.662,0.419,0.741,0.9109999999999999,0.847,0.343,0.3957204182479451,0.15370384328846967
40,16505,Matt Chapman,OAK,120,101,29,7,12,17,0,0.11699999999999999,0.11699999999999999,0.267,0.268,0.287,0.383,0.554,0.157,0.40399999999999997,0.43799999999999994,0.179,0.179,0.222,0.591,0.384,0.836,0.856,0.85,0.342,0.3540753782708467,0.035308123598966804
41,16219,J.D. Davis,NYM,74,63,19,3,12,8,0,0.149,0.162,0.206,0.333,0.302,0.405,0.508,0.255,0.49,0.255,0.077,0.231,0.2,0.6809999999999999,0.424,0.677,0.815,0.78,0.369,0.38242764352540676,0.03638927784663079
42,5209,Alex Gordon,KCR,124,103,31,5,18,22,0,0.09699999999999999,0.113,0.243,0.299,0.301,0.395,0.544,0.18899999999999997,0.456,0.35600000000000004,0.031,0.156,0.22899999999999998,0.759,0.449,0.667,0.899,0.8290000000000001,0.345,0.3617166567962953,0.048454077670421175
43,10324,Marcell Ozuna,STL,114,100,26,10,24,28,3,0.114,0.21899999999999997,0.35,0.246,0.26,0.351,0.61,0.213,0.373,0.413,0.09699999999999999,0.32299999999999995,0.316,0.67,0.462,0.5529999999999999,0.802,0.701,0.328,0.32632399164998965,0.0051097815549096355
44,14811,Luke Voit,NYY,130,109,30,8,21,25,0,0.138,0.23800000000000002,0.248,0.314,0.275,0.392,0.523,0.34600000000000003,0.34600000000000003,0.308,0.0,0.33299999999999996,0.258,0.7809999999999999,0.47700000000000004,0.46799999999999997,0.81,0.7020000000000001,0.378,0.3676199195643699,0.027460530252989685
45,15640,Aaron Judge,NYY,89,73,21,5,13,11,2,0.157,0.292,0.233,0.372,0.288,0.404,0.521,0.313,0.396,0.292,0.0,0.35700000000000004,0.24100000000000002,0.665,0.424,0.385,0.78,0.652,0.381,0.3965117431529301,0.04071323662186373
46,13145,Josh Bell,PIT,113,98,28,6,16,21,0,0.106,0.239,0.306,0.328,0.286,0.363,0.592,0.205,0.425,0.37,0.037000000000000005,0.222,0.272,0.732,0.442,0.667,0.805,0.7509999999999999,0.367,0.3720085377320212,0.013647241776624526
47,10681,Gio Urshela,NYY,66,58,20,1,8,6,1,0.076,0.136,0.155,0.388,0.345,0.409,0.5,0.34,0.4,0.26,0.154,0.077,0.371,0.6940000000000001,0.506,0.768,0.893,0.84,0.355,0.40139481993709347,0.13068963362561548
48,12979,Javier Baez,CHC,123,116,35,9,23,22,2,0.057,0.268,0.31,0.351,0.302,0.341,0.612,0.16899999999999998,0.434,0.39799999999999996,0.061,0.273,0.45399999999999996,0.754,0.557,0.556,0.85,0.693,0.316,0.34359790020916947,0.08733512724420718
49,16376,Michael Conforto,NYM,129,104,28,6,20,14,2,0.171,0.225,0.25,0.314,0.269,0.403,0.519,0.25,0.263,0.48700000000000004,0.054000000000000006,0.162,0.235,0.667,0.405,0.615,0.8190000000000001,0.748,0.363,0.3811586010257135,0.05002369428571208
50,6153,Eduardo Escobar,ARI,124,109,33,5,17,17,0,0.08900000000000001,0.218,0.239,0.359,0.303,0.379,0.541,0.22899999999999998,0.41,0.361,0.033,0.16699999999999998,0.377,0.602,0.46299999999999997,0.614,0.857,0.735,0.32,0.3739260928123462,0.16851904003858179
51,12856,George Springer,HOU,135,117,32,9,21,24,3,0.11900000000000001,0.259,0.291,0.311,0.274,0.363,0.564,0.145,0.494,0.361,0.067,0.3,0.214,0.715,0.429,0.556,0.79,0.723,0.383,0.35455308627646265,0.07427392617111582
52,14162,Carlos Correa,HOU,116,104,31,6,12,18,1,0.086,0.267,0.26,0.368,0.298,0.362,0.558,0.28800000000000003,0.37,0.342,0.08,0.24,0.295,0.65,0.45,0.5920000000000001,0.8540000000000001,0.757,0.358,0.3940145993707057,0.10059943958297689
53,4866,Jarrod Dyson,ARI,75,64,20,3,13,8,3,0.133,0.16,0.188,0.34,0.313,0.4,0.5,0.204,0.5920000000000001,0.204,0.0,0.3,0.23399999999999999,0.647,0.40299999999999997,0.55,0.909,0.7859999999999999,0.313,0.387049201228002,0.23657891766134828
54,17678,Alex Bregman,HOU,122,96,26,5,14,14,2,0.18,0.14800000000000002,0.208,0.28,0.271,0.41,0.479,0.275,0.25,0.475,0.132,0.132,0.175,0.59,0.35100000000000003,0.62,0.919,0.833,0.423,0.39113884490778755,0.07532187965062041
55,13611,Mookie Betts,BOS,132,112,33,6,22,15,1,0.136,0.14400000000000002,0.232,0.307,0.295,0.394,0.527,0.16,0.415,0.426,0.175,0.15,0.172,0.581,0.358,0.731,0.932,0.879,0.391,0.413843953236552,0.058424432830056196
56,5038,Josh Donaldson,ATL,119,97,25,5,20,13,0,0.17600000000000002,0.26899999999999996,0.237,0.333,0.258,0.395,0.495,0.16899999999999998,0.49200000000000005,0.33799999999999997,0.091,0.22699999999999998,0.22699999999999998,0.7290000000000001,0.423,0.542,0.77,0.695,0.379,0.36469583909132963,0.037741849363246364
57,12144,Max Kepler,MIN,102,90,25,7,15,16,0,0.10800000000000001,0.17600000000000002,0.289,0.273,0.278,0.353,0.567,0.13699999999999998,0.397,0.466,0.147,0.20600000000000002,0.309,0.774,0.51,0.5870000000000001,0.917,0.8029999999999999,0.336,0.34397306339661937,0.0237293553470814
58,2967,Tommy Pham,TBR,125,102,30,4,14,12,6,0.168,0.152,0.167,0.325,0.294,0.416,0.461,0.214,0.5479999999999999,0.23800000000000002,0.05,0.2,0.141,0.652,0.369,0.667,0.877,0.8320000000000001,0.369,0.4006375223169559,0.08573854286437908
59,3353,Matt Joyce,ATL,30,27,7,2,3,5,0,0.1,0.267,0.333,0.294,0.259,0.333,0.593,0.158,0.316,0.526,0.0,0.2,0.22,0.618,0.41200000000000003,0.5379999999999999,0.794,0.723,0.408,0.36179620478954383,0.11324459610405918
60,19709,Fernando Tatis Jr.,SDP,111,100,30,6,14,13,6,0.07200000000000001,0.28800000000000003,0.25,0.381,0.3,0.36,0.55,0.134,0.493,0.373,0.08,0.24,0.345,0.7170000000000001,0.49,0.5489999999999999,0.78,0.6809999999999999,0.379,0.36883002057688913,0.026833718794487798
61,18882,Brandon Lowe,TBR,100,90,26,6,17,17,3,0.08,0.33,0.278,0.385,0.289,0.35,0.567,0.32799999999999996,0.36200000000000004,0.31,0.111,0.33299999999999996,0.33299999999999996,0.792,0.525,0.385,0.774,0.63,0.336,0.37858366749801375,0.12673710564885038
62,3892,Josh Reddick,HOU,99,91,32,3,13,7,1,0.081,0.111,0.132,0.377,0.352,0.404,0.484,0.253,0.38,0.36700000000000005,0.034,0.10300000000000001,0.35700000000000004,0.7809999999999999,0.54,0.746,0.932,0.862,0.319,0.38099158086719176,0.1943309745053033
63,4892,Mike Moustakas,MIL,102,90,24,7,14,15,1,0.10800000000000001,0.20600000000000002,0.289,0.274,0.267,0.353,0.556,0.221,0.309,0.47100000000000003,0.21899999999999997,0.21899999999999997,0.344,0.662,0.46,0.693,0.857,0.78,0.329,0.35570409959254096,0.08116747596517003
64,14523,Pedro Severino,BAL,47,42,11,4,5,8,0,0.085,0.213,0.31,0.25,0.262,0.34,0.571,0.188,0.406,0.406,0.308,0.308,0.21899999999999997,0.6,0.389,0.478,0.882,0.757,0.321,0.35148486405408946,0.09496842384451544
65,18401,Ronald Acuna Jr.,ATL,128,105,29,6,17,19,2,0.141,0.21899999999999997,0.219,0.324,0.276,0.392,0.495,0.23399999999999999,0.429,0.33799999999999997,0.077,0.231,0.231,0.701,0.42,0.747,0.8220000000000001,0.7979999999999999,0.365,0.3769605211811872,0.032768551181334885
66,3711,Eric Thames,MIL,63,55,15,5,10,16,0,0.079,0.349,0.291,0.345,0.273,0.349,0.564,0.294,0.20600000000000002,0.5,0.0,0.294,0.253,0.682,0.435,0.45899999999999996,0.836,0.7090000000000001,0.346,0.3740441156528097,0.08105235737806281
67,13744,David Dahl,COL,89,81,26,2,11,8,0,0.067,0.315,0.222,0.462,0.321,0.364,0.543,0.28300000000000003,0.377,0.34,0.0,0.111,0.40700000000000003,0.723,0.526,0.54,0.777,0.6629999999999999,0.353,0.37601745515085666,0.06520525538486312
68,4106,Michael Brantley,HOU,129,118,39,5,17,18,3,0.07,0.109,0.186,0.34,0.331,0.38,0.517,0.262,0.466,0.272,0.0,0.179,0.27899999999999997,0.623,0.439,0.831,0.9690000000000001,0.922,0.372,0.4019265139933223,0.08044761826161909
69,2396,Carlos Santana,CLE,114,95,30,3,17,16,1,0.158,0.158,0.147,0.365,0.316,0.43,0.463,0.20800000000000002,0.532,0.26,0.0,0.15,0.23600000000000002,0.7020000000000001,0.42700000000000005,0.578,0.871,0.7759999999999999,0.397,0.38454047554536414,0.03138419258094681
70,6184,J.D. Martinez,BOS,120,105,34,4,15,15,1,0.1,0.142,0.171,0.353,0.324,0.4,0.495,0.18,0.41600000000000004,0.40399999999999997,0.0,0.111,0.348,0.7909999999999999,0.544,0.551,0.893,0.7709999999999999,0.383,0.35717142585414047,0.06743753040694396
71,12371,Tommy La Stella,LAA,90,76,19,7,15,18,0,0.111,0.055999999999999994,0.289,0.188,0.25,0.352,0.539,0.21100000000000002,0.423,0.366,0.077,0.26899999999999996,0.18899999999999997,0.568,0.384,0.912,0.907,0.9079999999999999,0.346,0.33226501487240995,0.03969648880806367
72,2151,Edwin Encarnacion,SEA,114,95,24,8,19,20,0,0.132,0.175,0.263,0.235,0.253,0.368,0.516,0.237,0.32899999999999996,0.434,0.061,0.242,0.259,0.628,0.405,0.684,0.7829999999999999,0.745,0.344,0.3469307937721161,0.008519749337546907
73,10322,Danny Santana,TEX,63,59,20,2,13,9,5,0.016,0.254,0.203,0.429,0.339,0.355,0.542,0.295,0.341,0.364,0.125,0.125,0.385,0.727,0.547,0.66,0.875,0.795,0.324,0.392334091759166,0.21090769061470985
74,5930,Nick Markakis,ATL,121,103,34,2,18,18,0,0.124,0.132,0.146,0.364,0.33,0.405,0.476,0.3,0.5,0.2,0.0,0.111,0.275,0.632,0.431,0.855,0.885,0.8740000000000001,0.356,0.40155683454209606,0.12796863635420247
75,5933,Jean Segura,PHI,83,76,25,1,15,11,1,0.06,0.133,0.158,0.375,0.329,0.386,0.487,0.16899999999999998,0.585,0.24600000000000002,0.0,0.063,0.335,0.563,0.433,0.774,0.94,0.867,0.323,0.3812231654120064,0.18025747805574735
76,5452,Ji-Man Choi,TBR,80,67,20,1,10,8,1,0.125,0.2,0.164,0.373,0.299,0.4,0.463,0.28800000000000003,0.48100000000000004,0.231,0.083,0.083,0.191,0.696,0.41700000000000004,0.6859999999999999,0.845,0.804,0.363,0.4015897352021387,0.10630781047421133
77,4062,Dexter Fowler,STL,94,80,25,1,12,7,1,0.128,0.213,0.113,0.407,0.313,0.415,0.425,0.35600000000000004,0.40700000000000003,0.237,0.071,0.071,0.198,0.7070000000000001,0.408,0.596,0.805,0.745,0.346,0.40929586829457365,0.18293603553344995
78,2136,David Peralta,ARI,132,123,39,4,19,20,0,0.053,0.242,0.22,0.398,0.317,0.356,0.537,0.25,0.467,0.28300000000000003,0.038,0.154,0.384,0.67,0.506,0.66,0.858,0.772,0.343,0.37878750316212495,0.10433674391290064
79,14593,David Bote,CHC,74,65,18,3,11,14,0,0.095,0.203,0.231,0.319,0.277,0.365,0.508,0.14,0.56,0.3,0.133,0.2,0.282,0.624,0.424,0.58,0.91,0.7809999999999999,0.362,0.36833914078218066,0.017511438624808494
80,4810,Brian McCann,ATL,48,40,13,1,2,8,0,0.125,0.083,0.125,0.333,0.325,0.417,0.45,0.18899999999999997,0.514,0.297,0.091,0.091,0.292,0.638,0.423,0.879,0.909,0.8959999999999999,0.323,0.380938773472038,0.1793770076533683
81,3473,Anthony Rizzo,CHC,124,101,23,6,20,18,1,0.129,0.161,0.257,0.227,0.228,0.371,0.485,0.21,0.37,0.42,0.08800000000000001,0.17600000000000002,0.32,0.588,0.424,0.755,0.883,0.8240000000000001,0.405,0.3367105690107184,0.1686158789858806
82,7996,Jose Martinez,STL,82,77,28,1,12,13,1,0.049,0.183,0.104,0.435,0.364,0.39,0.468,0.28600000000000003,0.444,0.27,0.059000000000000004,0.059000000000000004,0.29100000000000004,0.61,0.44,0.7170000000000001,0.9179999999999999,0.847,0.34,0.4035427215967184,0.18689035763740694
83,9054,Justin Smoak,TOR,109,91,24,5,15,18,0,0.147,0.22,0.198,0.306,0.264,0.385,0.462,0.209,0.284,0.507,0.028999999999999998,0.147,0.217,0.594,0.369,0.617,0.892,0.795,0.342,0.36612347952298274,0.07053648983328278
84,11579,Bryce Harper,PHI,129,104,25,6,17,20,1,0.17800000000000002,0.295,0.25,0.317,0.24,0.388,0.49,0.185,0.446,0.369,0.16699999999999998,0.25,0.26899999999999996,0.7829999999999999,0.47,0.46,0.741,0.643,0.372,0.3525580942690902,0.052263187448682295
85,12532,Kolten Wong,STL,113,92,25,4,14,15,5,0.142,0.15,0.196,0.292,0.272,0.398,0.467,0.16399999999999998,0.425,0.41100000000000003,0.16699999999999998,0.133,0.261,0.6579999999999999,0.431,0.6970000000000001,0.888,0.8220000000000001,0.361,0.36663348212796965,0.015605213650885479
86,8252,Hunter Pence,TEX,62,56,17,3,14,13,1,0.081,0.161,0.214,0.318,0.304,0.355,0.518,0.213,0.532,0.255,0.083,0.25,0.341,0.71,0.5,0.667,0.8590000000000001,0.784,0.358,0.3461787109564061,0.0330203604569661
87,9549,David Freese,LAD,53,43,10,2,8,8,0,0.18899999999999997,0.18899999999999997,0.233,0.258,0.233,0.377,0.465,0.273,0.515,0.212,0.0,0.28600000000000003,0.268,0.602,0.413,0.735,0.8640000000000001,0.8170000000000001,0.403,0.362750238193384,0.09987533947051128
88,6368,Adam Jones,ARI,126,112,32,5,13,18,0,0.071,0.14300000000000002,0.214,0.303,0.286,0.36,0.5,0.183,0.452,0.366,0.235,0.147,0.358,0.6990000000000001,0.501,0.639,0.905,0.795,0.313,0.3417263487582477,0.0917774720710789
89,9218,Paul Goldschmidt,STL,132,116,30,9,22,19,0,0.114,0.258,0.259,0.288,0.259,0.348,0.517,0.159,0.37799999999999995,0.46299999999999997,0.026000000000000002,0.237,0.3,0.6629999999999999,0.451,0.782,0.774,0.777,0.346,0.3277502409256383,0.05274496842301058
90,7185,Logan Forsythe,TEX,94,79,22,3,13,14,1,0.128,0.23399999999999999,0.19,0.345,0.278,0.376,0.468,0.24100000000000002,0.414,0.345,0.05,0.15,0.129,0.51,0.305,0.767,0.892,0.8640000000000001,0.325,0.400550101323612,0.23246185022649848
91,11368,Yasmani Grandal,MIL,104,92,26,6,16,12,3,0.096,0.221,0.217,0.313,0.283,0.356,0.5,0.221,0.47100000000000003,0.309,0.095,0.28600000000000003,0.327,0.643,0.469,0.616,0.7859999999999999,0.721,0.38,0.34432670667188997,0.09387708770555273
92,12564,Trevor Story,COL,131,118,33,7,22,19,6,0.069,0.252,0.237,0.329,0.28,0.344,0.517,0.209,0.337,0.45299999999999996,0.051,0.179,0.317,0.718,0.486,0.716,0.792,0.763,0.363,0.3493820587443454,0.037514989684998834
93,12155,Eddie Rosario,MIN,112,105,25,11,20,24,0,0.063,0.161,0.362,0.184,0.238,0.286,0.6,0.10300000000000001,0.379,0.517,0.08900000000000001,0.244,0.442,0.764,0.555,0.7190000000000001,0.885,0.799,0.3,0.2727937897768035,0.0906873674106549
94,4316,Daniel Murphy,COL,38,33,8,2,7,5,0,0.132,0.053,0.273,0.207,0.242,0.342,0.515,0.129,0.29,0.581,0.055999999999999994,0.111,0.363,0.6920000000000001,0.483,0.909,0.917,0.9129999999999999,0.328,0.3107760202938798,0.052512133250366515
95,12547,John Hicks,DET,54,49,15,1,2,4,1,0.09300000000000001,0.24100000000000002,0.163,0.4,0.306,0.37,0.469,0.25,0.41700000000000004,0.33299999999999996,0.083,0.083,0.402,0.7709999999999999,0.581,0.6,0.802,0.73,0.24,0.3742979172492719,0.5595746552052997
96,3142,Robinson Chirinos,HOU,85,69,18,3,12,12,0,0.11800000000000001,0.282,0.232,0.341,0.261,0.361,0.493,0.174,0.304,0.522,0.16699999999999998,0.125,0.377,0.682,0.498,0.56,0.7559999999999999,0.667,0.347,0.339157533741068,0.02260076731680686
97,20123,Juan Soto,WSN,125,105,26,6,16,22,3,0.152,0.256,0.219,0.299,0.248,0.368,0.467,0.19399999999999998,0.47200000000000003,0.33299999999999996,0.042,0.25,0.237,0.66,0.397,0.588,0.875,0.769,0.401,0.3709081841689076,0.07504193474087889
98,12533,Marcus Semien,OAK,129,114,34,4,19,14,1,0.109,0.132,0.175,0.319,0.298,0.372,0.474,0.184,0.48,0.337,0.152,0.121,0.24600000000000002,0.6459999999999999,0.42100000000000004,0.657,0.927,0.838,0.369,0.35512278133211267,0.03760763866636132
99,10348,Domingo Santana,SEA,135,120,36,5,15,25,3,0.096,0.259,0.175,0.383,0.3,0.366,0.475,0.349,0.419,0.233,0.0,0.25,0.278,0.743,0.48100000000000004,0.67,0.852,0.7929999999999999,0.329,0.39070901842398964,0.1875654055440414
100,15608,Willians Astudillo,MIN,53,49,16,2,11,7,0,0.019,0.019,0.204,0.292,0.327,0.34,0.531,0.26,0.38,0.36,0.055999999999999994,0.111,0.46799999999999997,0.847,0.633,0.841,0.9670000000000001,0.914,0.299,0.3267204890909994,0.09271066585618526
101,10264,Brandon Belt,SFG,114,97,23,5,13,12,1,0.132,0.237,0.258,0.277,0.237,0.351,0.495,0.214,0.22899999999999998,0.557,0.10300000000000001,0.128,0.26899999999999996,0.735,0.46799999999999997,0.597,0.878,0.785,0.339,0.34920679893926043,0.03010855144324604
102,9847,Andrew McCutchen,PHI,131,108,26,5,24,10,1,0.17600000000000002,0.244,0.213,0.296,0.241,0.374,0.454,0.171,0.474,0.355,0.07400000000000001,0.185,0.19,0.523,0.345,0.526,0.7879999999999999,0.711,0.378,0.358891130622036,0.050552564491968315
103,16556,Ozzie Albies,ATL,132,121,35,6,24,12,3,0.076,0.159,0.207,0.309,0.289,0.348,0.496,0.222,0.455,0.32299999999999995,0.031,0.188,0.41200000000000003,0.7829999999999999,0.5720000000000001,0.769,0.8320000000000001,0.8059999999999999,0.352,0.33022403519269794,0.061863536384380795
104,15676,Jose Abreu,CHW,117,104,29,5,15,24,2,0.094,0.231,0.221,0.329,0.279,0.35,0.5,0.205,0.423,0.37200000000000005,0.069,0.172,0.28600000000000003,0.674,0.44,0.605,0.897,0.7829999999999999,0.33,0.36718903918417367,0.11269405813385956
105,15181,Ryan Cordell,CHW,42,36,9,2,6,6,1,0.11900000000000001,0.262,0.222,0.304,0.25,0.357,0.472,0.16,0.36,0.48,0.083,0.16699999999999998,0.26899999999999996,0.685,0.441,0.5710000000000001,0.8,0.718,0.29,0.33658457286640214,0.16063645816000746
106,18030,Harrison Bader,STL,63,49,11,3,8,9,0,0.14300000000000002,0.317,0.204,0.308,0.224,0.387,0.429,0.32,0.32,0.36,0.111,0.33299999999999996,0.239,0.64,0.418,0.47100000000000003,0.836,0.72,0.314,0.36483424418358407,0.16189249739994926
107,5409,Pablo Sandoval,SFG,46,46,13,2,8,6,0,0.0,0.261,0.304,0.344,0.283,0.283,0.587,0.324,0.441,0.235,0.0,0.25,0.5,0.764,0.612,0.7140000000000001,0.8,0.76,0.313,0.3336195165035923,0.06587704953224371
108,4022,Melky Cabrera,PIT,88,85,28,3,8,7,1,0.034,0.125,0.165,0.352,0.329,0.352,0.494,0.257,0.446,0.297,0.091,0.136,0.345,0.736,0.51,0.8140000000000001,0.924,0.8809999999999999,0.313,0.36388040028920854,0.1625571894223915
109,6609,Freddy Galvis,TOR,99,96,30,5,14,12,2,0.03,0.212,0.198,0.357,0.313,0.333,0.51,0.203,0.405,0.392,0.034,0.172,0.355,0.713,0.515,0.542,0.838,0.725,0.296,0.3358548481210598,0.13464475716574267
110,10472,Enrique Hernandez,LAD,111,97,25,6,16,17,0,0.11699999999999999,0.23399999999999999,0.247,0.288,0.258,0.342,0.505,0.23600000000000002,0.34700000000000003,0.41700000000000004,0.1,0.2,0.26899999999999996,0.667,0.431,0.575,0.895,0.777,0.304,0.35680304493787335,0.17369422676932025
111,18314,Dansby Swanson,ATL,112,96,25,5,14,22,2,0.107,0.223,0.26,0.29,0.26,0.339,0.521,0.27,0.405,0.324,0.042,0.20800000000000002,0.235,0.685,0.426,0.6409999999999999,0.8390000000000001,0.7759999999999999,0.325,0.36330842736654656,0.11787208420475861
112,12092,Niko Goodrum,DET,98,80,19,3,12,11,3,0.17300000000000001,0.22399999999999998,0.213,0.286,0.238,0.367,0.45,0.33899999999999997,0.35600000000000004,0.305,0.055999999999999994,0.16699999999999998,0.231,0.665,0.406,0.552,0.7959999999999999,0.713,0.322,0.36757432077659635,0.141535157691293
113,12161,Xander Bogaerts,BOS,123,107,29,4,18,16,0,0.122,0.21100000000000002,0.196,0.321,0.271,0.358,0.467,0.22,0.305,0.47600000000000003,0.0,0.10300000000000001,0.285,0.563,0.40299999999999997,0.6709999999999999,0.875,0.792,0.384,0.3593352680650736,0.06423107274720419
114,5417,Jose Altuve,HOU,128,113,28,9,15,20,1,0.109,0.16399999999999998,0.265,0.226,0.248,0.328,0.513,0.16699999999999998,0.456,0.37799999999999995,0.235,0.265,0.24100000000000002,0.6809999999999999,0.414,0.629,0.867,0.7829999999999999,0.353,0.31933821364322496,0.09535916814950432
115,15464,Hunter Renfroe,SDP,82,75,18,6,9,12,1,0.073,0.23199999999999998,0.333,0.235,0.24,0.293,0.573,0.21100000000000002,0.40399999999999997,0.386,0.045,0.273,0.41600000000000004,0.708,0.529,0.7090000000000001,0.871,0.7929999999999999,0.289,0.32671887371760766,0.13051513397096084
116,10542,Derek Dietrich,CIN,65,54,11,5,8,14,0,0.092,0.2,0.333,0.162,0.204,0.323,0.537,0.171,0.341,0.488,0.25,0.25,0.311,0.72,0.47200000000000003,0.608,0.805,0.727,0.328,0.29204779608630876,0.10961037778564404
117,13807,Kevin Plawecki,CLE,33,27,6,1,3,1,0,0.182,0.182,0.222,0.25,0.222,0.364,0.444,0.2,0.3,0.5,0.2,0.1,0.182,0.746,0.436,0.7140000000000001,0.809,0.787,0.287,0.336973230899145,0.17412275574614988
118,14350,Raimel Tapia,COL,72,68,18,3,4,10,0,0.055999999999999994,0.306,0.279,0.349,0.265,0.306,0.544,0.196,0.435,0.37,0.0,0.17600000000000002,0.401,0.7959999999999999,0.556,0.537,0.802,0.6859999999999999,0.309,0.33912958261275183,0.09750673984709332
119,14274,Mitch Haniger,SEA,131,115,28,6,27,17,3,0.092,0.267,0.261,0.293,0.243,0.328,0.504,0.247,0.358,0.395,0.125,0.188,0.24100000000000002,0.608,0.402,0.5379999999999999,0.845,0.742,0.314,0.3508981277698003,0.11750996105031937
120,9892,Jay Bruce,SEA,92,82,16,9,14,16,0,0.109,0.337,0.378,0.167,0.195,0.283,0.573,0.157,0.275,0.569,0.0,0.31,0.313,0.799,0.501,0.521,0.748,0.6609999999999999,0.261,0.28060773944579853,0.0751254384896495
121,12180,Jorge Alfaro,MIA,83,77,22,5,9,9,0,0.036000000000000004,0.373,0.195,0.415,0.286,0.337,0.481,0.28300000000000003,0.457,0.261,0.0,0.41700000000000004,0.516,0.746,0.598,0.541,0.716,0.618,0.312,0.325948799732895,0.04470769145158647
122,9015,Gordon Beckham,DET,47,41,9,3,7,4,1,0.106,0.38299999999999995,0.293,0.3,0.22,0.319,0.512,0.217,0.348,0.435,0.2,0.3,0.33299999999999996,0.667,0.5,0.563,0.7190000000000001,0.667,0.271,0.3407505003408891,0.2573819200770815
123,12160,Ben Gamel,MIL,65,55,15,1,10,4,1,0.138,0.308,0.145,0.412,0.273,0.385,0.418,0.28600000000000003,0.4,0.314,0.0,0.091,0.233,0.545,0.359,0.5529999999999999,0.867,0.745,0.337,0.40196429946856166,0.19277240198386242
124,9393,Matt Adams,WSN,54,51,14,3,6,13,0,0.037000000000000005,0.35200000000000004,0.275,0.367,0.275,0.296,0.549,0.273,0.33299999999999996,0.39399999999999996,0.077,0.231,0.381,0.759,0.5329999999999999,0.5329999999999999,0.883,0.733,0.276,0.3589024932743498,0.3003713524432963
125,11281,Whit Merrifield,KCR,130,118,34,4,22,11,5,0.085,0.154,0.195,0.316,0.288,0.346,0.483,0.299,0.34,0.361,0.086,0.114,0.307,0.657,0.473,0.79,0.866,0.84,0.348,0.36397143966358436,0.0458949415620241
126,9308,Josh Phegley,OAK,64,61,17,3,14,13,0,0.031,0.203,0.23,0.311,0.279,0.313,0.508,0.33299999999999996,0.146,0.521,0.16,0.12,0.345,0.655,0.48700000000000004,0.612,0.897,0.787,0.282,0.3379390487782823,0.1983654211995827
127,14566,Franmil Reyes,SDP,91,82,19,8,9,14,0,0.077,0.22,0.329,0.196,0.232,0.286,0.561,0.21899999999999997,0.313,0.469,0.0,0.267,0.38799999999999996,0.809,0.561,0.562,0.8109999999999999,0.7090000000000001,0.31,0.2859150773492133,0.07769329887350553
128,8722,Jason Castro,MIN,39,31,6,2,7,4,0,0.205,0.231,0.226,0.2,0.194,0.359,0.419,0.091,0.364,0.545,0.083,0.16699999999999998,0.23800000000000002,0.65,0.391,0.583,0.769,0.698,0.332,0.29427828604862516,0.11361962033546644
129,13473,Dwight Smith Jr.,BAL,114,105,29,5,19,19,3,0.061,0.175,0.21,0.296,0.276,0.325,0.486,0.2,0.376,0.424,0.083,0.139,0.313,0.7440000000000001,0.49200000000000005,0.513,0.867,0.735,0.297,0.3103899471073325,0.045083996994385485
130,12284,Kevan Smith,LAA,47,41,11,1,7,3,0,0.085,0.128,0.146,0.294,0.268,0.362,0.415,0.257,0.514,0.22899999999999998,0.0,0.125,0.22899999999999998,0.639,0.405,0.773,0.935,0.882,0.318,0.3448517301176724,0.08443940288576224
131,13590,Jesse Winker,CIN,103,92,21,8,17,13,0,0.09699999999999999,0.184,0.283,0.2,0.228,0.311,0.511,0.26,0.41100000000000003,0.32899999999999996,0.0,0.33299999999999996,0.23,0.7070000000000001,0.444,0.755,0.894,0.855,0.357,0.33216082955955517,0.0695775082365401
132,9874,DJ LeMahieu,NYY,113,100,31,1,18,15,2,0.071,0.133,0.12,0.345,0.31,0.363,0.43,0.273,0.44299999999999995,0.284,0.08,0.04,0.27699999999999997,0.677,0.46,0.7659999999999999,0.9470000000000001,0.888,0.375,0.3708531616413073,0.01105823562318046
133,3086,Mitch Moreland,BOS,100,89,19,8,13,17,0,0.1,0.2,0.326,0.177,0.213,0.29,0.539,0.14300000000000002,0.457,0.4,0.036000000000000004,0.28600000000000003,0.28600000000000003,0.74,0.486,0.6559999999999999,0.7709999999999999,0.733,0.328,0.2755345596984867,0.1599556106753454
134,13301,Max Muncy,LAD,110,93,23,5,11,17,0,0.136,0.29100000000000004,0.215,0.31,0.247,0.345,0.462,0.175,0.365,0.46,0.10300000000000001,0.172,0.21899999999999997,0.6679999999999999,0.41200000000000003,0.581,0.8320000000000001,0.7559999999999999,0.374,0.35300588485048157,0.05613399772598512
135,11850,Tyler Austin,- - -,34,28,8,0,6,1,0,0.17600000000000002,0.441,0.036,0.615,0.286,0.412,0.321,0.308,0.462,0.231,0.0,0.0,0.263,0.611,0.386,0.423,0.7879999999999999,0.627,0.296,0.43802142729472576,0.47980211923893845
136,15429,Kris Bryant,CHC,121,100,23,3,18,13,1,0.124,0.182,0.19,0.263,0.23,0.355,0.42,0.215,0.38,0.405,0.031,0.094,0.264,0.72,0.449,0.6990000000000001,0.809,0.77,0.382,0.3209902933023995,0.1597112740774883
137,17350,Rafael Devers,BOS,118,102,30,0,15,8,4,0.11900000000000001,0.16899999999999998,0.078,0.366,0.294,0.385,0.373,0.256,0.537,0.207,0.17600000000000002,0.0,0.344,0.6920000000000001,0.483,0.716,0.833,0.7829999999999999,0.361,0.3635391633422748,0.007033693468905348
138,12552,Eugenio Suarez,CIN,115,100,23,7,11,16,0,0.113,0.235,0.26,0.239,0.23,0.322,0.49,0.122,0.473,0.405,0.1,0.233,0.24600000000000002,0.684,0.431,0.5429999999999999,0.8740000000000001,0.765,0.358,0.3274954052744184,0.08520836515525584
139,11265,Jonathan Schoop,MIN,96,90,24,4,14,11,0,0.031,0.20800000000000002,0.222,0.303,0.267,0.313,0.489,0.18600000000000003,0.457,0.35700000000000004,0.16,0.16,0.45299999999999996,0.7909999999999999,0.601,0.526,0.802,0.685,0.304,0.29204078795046645,0.03933951332083402
140,9777,Nolan Arenado,COL,129,118,32,6,20,21,1,0.07,0.085,0.229,0.252,0.271,0.318,0.5,0.174,0.385,0.44,0.146,0.125,0.382,0.76,0.5329999999999999,0.73,0.865,0.807,0.379,0.30415627667026907,0.19747684255865683
141,11339,Jake Marisnick,HOU,49,45,12,2,10,5,1,0.061,0.28600000000000003,0.2,0.345,0.267,0.327,0.467,0.207,0.517,0.276,0.0,0.25,0.33299999999999996,0.733,0.512,0.568,0.8029999999999999,0.718,0.289,0.32846618349969137,0.13656118858024702
142,11445,Mark Canha,OAK,51,39,8,2,8,4,0,0.196,0.255,0.179,0.24,0.205,0.373,0.385,0.07400000000000001,0.29600000000000004,0.63,0.17600000000000002,0.11800000000000001,0.174,0.589,0.34299999999999997,0.667,0.8390000000000001,0.7879999999999999,0.396,0.32077782956763645,0.18995497583930193
143,11739,J.T. Realmuto,PHI,114,100,28,4,18,18,0,0.079,0.21100000000000002,0.16,0.324,0.28,0.351,0.44,0.231,0.474,0.295,0.043,0.174,0.337,0.7040000000000001,0.503,0.6920000000000001,0.841,0.7859999999999999,0.328,0.3355101229495697,0.022896716309663744
144,7949,Tim Beckham,SEA,113,103,26,5,15,17,1,0.08,0.327,0.223,0.344,0.252,0.319,0.476,0.242,0.439,0.318,0.048,0.23800000000000002,0.29600000000000004,0.618,0.44299999999999995,0.547,0.8170000000000001,0.718,0.293,0.3534051318655554,0.20616085960940414
145,7859,Charlie Blackmon,COL,133,122,34,3,14,15,2,0.06,0.165,0.18,0.316,0.279,0.331,0.459,0.21,0.41,0.38,0.158,0.079,0.35200000000000004,0.7020000000000001,0.513,0.722,0.856,0.807,0.364,0.3375562445923735,0.0726476796912816
146,17714,Christin Stewart,DET,64,54,12,3,6,13,0,0.109,0.25,0.296,0.243,0.222,0.313,0.519,0.275,0.225,0.5,0.05,0.15,0.369,0.794,0.537,0.618,0.831,0.742,0.305,0.3180840704421881,0.04289859161373155
147,13769,Adalberto Mondesi,KCR,126,115,33,3,16,24,8,0.048,0.27,0.217,0.366,0.287,0.312,0.504,0.22399999999999998,0.38799999999999996,0.38799999999999996,0.091,0.091,0.43,0.7809999999999999,0.573,0.534,0.8490000000000001,0.71,0.291,0.3522063745954718,0.2103311841768792
148,4314,Joey Votto,CIN,110,94,23,3,13,5,0,0.136,0.255,0.17,0.317,0.245,0.355,0.415,0.19699999999999998,0.33299999999999996,0.47,0.032,0.09699999999999999,0.17600000000000002,0.675,0.39899999999999997,0.605,0.857,0.795,0.357,0.35476621465384495,0.006257101809958088
149,11737,Nick Castellanos,DET,109,99,27,2,15,8,1,0.083,0.284,0.182,0.373,0.273,0.33,0.455,0.217,0.33299999999999996,0.449,0.032,0.065,0.36,0.7509999999999999,0.513,0.6,0.8740000000000001,0.757,0.337,0.34705037145289336,0.029823060691078148
150,14503,Renato Nunez,BAL,117,109,29,6,17,18,0,0.06,0.27399999999999997,0.211,0.324,0.266,0.316,0.477,0.20800000000000002,0.312,0.48100000000000004,0.135,0.162,0.37200000000000005,0.6579999999999999,0.493,0.573,0.857,0.733,0.311,0.32645060923706315,0.04968041555325772
151,7539,Neil Walker,MIA,88,78,20,3,6,4,1,0.102,0.21600000000000003,0.167,0.304,0.256,0.341,0.423,0.237,0.45799999999999996,0.305,0.055999999999999994,0.16699999999999998,0.28600000000000003,0.657,0.431,0.574,0.867,0.748,0.344,0.3383068763439626,0.01654977806987604
152,11205,Adam Eaton,WSN,126,115,34,2,18,9,4,0.071,0.198,0.104,0.364,0.296,0.357,0.4,0.184,0.414,0.402,0.14300000000000002,0.057,0.322,0.611,0.451,0.655,0.8859999999999999,0.795,0.365,0.3545404250337079,0.028656369770663215
153,16909,Colin Moran,PIT,63,56,15,2,5,11,0,0.111,0.19,0.161,0.31,0.268,0.349,0.429,0.205,0.455,0.341,0.2,0.133,0.313,0.6809999999999999,0.455,0.6890000000000001,0.871,0.794,0.322,0.3386865227088247,0.05182149909572889
154,12927,Brandon Nimmo,NYM,105,86,20,3,17,9,1,0.14300000000000002,0.34299999999999997,0.151,0.362,0.233,0.365,0.384,0.28600000000000003,0.34700000000000003,0.36700000000000005,0.055999999999999994,0.16699999999999998,0.20800000000000002,0.634,0.384,0.364,0.763,0.636,0.375,0.3523223982983946,0.060473604537614335
155,15711,Tyler O'Neill,STL,34,33,10,1,4,4,0,0.028999999999999998,0.382,0.152,0.474,0.303,0.324,0.455,0.15,0.45,0.4,0.25,0.125,0.424,0.7190000000000001,0.561,0.35700000000000004,0.61,0.507,0.311,0.32111400623842573,0.03252092038079014
156,8392,Daniel Descalso,CHC,86,76,20,2,12,11,1,0.11599999999999999,0.244,0.145,0.34,0.263,0.349,0.408,0.2,0.4,0.4,0.0,0.091,0.185,0.602,0.37,0.45,0.845,0.7340000000000001,0.271,0.34664341391347486,0.27912698861060825
157,12179,Maikel Franco,PHI,118,103,26,7,15,22,0,0.11900000000000001,0.102,0.252,0.224,0.252,0.339,0.505,0.152,0.38,0.467,0.209,0.163,0.332,0.75,0.514,0.6709999999999999,0.862,0.7929999999999999,0.297,0.3022893590136171,0.01780928960813839
158,12510,Curt Casali,CIN,41,38,11,0,3,5,0,0.073,0.293,0.132,0.423,0.289,0.341,0.421,0.34600000000000003,0.423,0.231,0.0,0.0,0.275,0.757,0.484,0.6,0.868,0.782,0.331,0.3552626781087236,0.0733011423224277
159,18363,Victor Robles,WSN,114,106,27,5,20,12,7,0.044000000000000004,0.298,0.226,0.328,0.255,0.301,0.481,0.212,0.28800000000000003,0.5,0.061,0.152,0.32799999999999996,0.6829999999999999,0.483,0.647,0.868,0.7829999999999999,0.326,0.3456853735738234,0.06038458151479565
160,14553,Nomar Mazara,TEX,108,99,24,5,16,20,0,0.055999999999999994,0.185,0.222,0.257,0.242,0.306,0.465,0.228,0.48100000000000004,0.29100000000000004,0.0,0.217,0.366,0.701,0.502,0.66,0.87,0.779,0.318,0.2983187991264488,0.06189056878475215
161,17992,David Fletcher,LAA,94,88,27,1,13,10,2,0.064,0.043,0.102,0.313,0.307,0.351,0.409,0.25,0.46399999999999997,0.28600000000000003,0.042,0.042,0.244,0.479,0.348,0.904,0.975,0.9470000000000001,0.35,0.3823177628934055,0.09233646540973013
162,17901,Andrew Benintendi,BOS,118,102,27,2,13,13,2,0.09300000000000001,0.22899999999999998,0.147,0.333,0.265,0.342,0.412,0.195,0.39,0.41600000000000004,0.094,0.063,0.354,0.741,0.504,0.711,0.8759999999999999,0.805,0.343,0.34784834695149114,0.01413512230755426
163,13613,Ketel Marte,ARI,125,116,29,6,15,21,3,0.064,0.192,0.233,0.264,0.25,0.296,0.483,0.174,0.446,0.38,0.086,0.171,0.35200000000000004,0.691,0.486,0.728,0.932,0.843,0.389,0.32940638834078395,0.1531969451393729
164,11038,Kevin Kiermaier,TBR,103,94,25,2,16,11,3,0.068,0.214,0.191,0.324,0.266,0.32,0.457,0.16699999999999998,0.556,0.278,0.0,0.1,0.303,0.732,0.501,0.603,0.863,0.778,0.278,0.33379066212926145,0.20068583499734324
165,5235,Justin Turner,LAD,124,104,29,1,12,10,0,0.121,0.185,0.058,0.341,0.279,0.379,0.337,0.24100000000000002,0.42200000000000004,0.337,0.0,0.036000000000000004,0.268,0.644,0.429,0.785,0.867,0.838,0.372,0.34741509728485853,0.06608844815898243
166,3269,Robinson Cano,NYM,108,100,27,3,9,11,0,0.065,0.204,0.16,0.32,0.27,0.324,0.43,0.273,0.35100000000000003,0.377,0.069,0.10300000000000001,0.37,0.74,0.52,0.69,0.833,0.773,0.307,0.3214943957221609,0.04721301538163153
167,9927,Brett Gardner,NYY,120,104,23,5,16,11,3,0.11699999999999999,0.10800000000000001,0.202,0.209,0.221,0.325,0.423,0.1,0.489,0.41100000000000003,0.081,0.135,0.205,0.557,0.35600000000000004,0.75,0.9670000000000001,0.8959999999999999,0.325,0.3320867449980969,0.02180536922491359
168,14140,Jose Rondon,CHW,43,41,11,2,4,4,0,0.047,0.27899999999999997,0.195,0.333,0.268,0.302,0.463,0.207,0.44799999999999995,0.345,0.1,0.2,0.255,0.6579999999999999,0.431,0.64,0.72,0.693,0.263,0.31399201278294003,0.19388598016327002
169,15191,Chad Pinder,OAK,85,79,22,3,13,11,0,0.047,0.17600000000000002,0.165,0.306,0.278,0.318,0.443,0.215,0.5379999999999999,0.24600000000000002,0.188,0.188,0.35200000000000004,0.828,0.562,0.632,0.84,0.767,0.29,0.30552998080528987,0.05355165794927548
170,4962,Asdrubal Cabrera,TEX,89,81,19,6,14,19,0,0.079,0.23600000000000002,0.247,0.236,0.235,0.292,0.481,0.16399999999999998,0.39299999999999996,0.44299999999999995,0.037000000000000005,0.222,0.27,0.65,0.45399999999999996,0.638,0.9059999999999999,0.8240000000000001,0.342,0.30447070381295027,0.1097347841726601
171,3256,Welington Castillo,CHW,60,49,10,2,2,8,0,0.15,0.183,0.163,0.222,0.204,0.35,0.367,0.184,0.5,0.316,0.16699999999999998,0.16699999999999998,0.247,0.556,0.37799999999999995,0.6940000000000001,0.9,0.823,0.267,0.3223680984000783,0.20737115505647294
172,16997,Gleyber Torres,NYY,123,114,31,5,16,15,3,0.049,0.228,0.193,0.313,0.272,0.303,0.465,0.182,0.44299999999999995,0.375,0.061,0.152,0.335,0.773,0.527,0.609,0.838,0.757,0.337,0.3159991787571511,0.062316976981747506
173,8203,Dee Gordon,SEA,108,98,30,2,10,16,7,0.055999999999999994,0.14800000000000002,0.112,0.337,0.306,0.336,0.418,0.18100000000000002,0.45799999999999996,0.361,0.033,0.067,0.295,0.728,0.504,0.772,0.9079999999999999,0.867,0.304,0.35104944129070903,0.15476789898259552
174,9077,Lorenzo Cain,MIL,133,121,33,3,22,9,3,0.068,0.165,0.14,0.309,0.273,0.331,0.413,0.29,0.48,0.23,0.13,0.13,0.267,0.638,0.433,0.618,0.892,0.799,0.325,0.35591647338910193,0.0951276104280059
175,10951,Greg Garcia,SDP,35,28,6,1,6,2,0,0.171,0.171,0.179,0.227,0.214,0.343,0.393,0.273,0.591,0.136,0.0,0.33299999999999996,0.265,0.40299999999999997,0.317,0.741,0.92,0.8270000000000001,0.364,0.3485996384777604,0.042308685500658284
176,12775,Brad Miller,CLE,40,36,9,1,4,4,1,0.1,0.25,0.167,0.32,0.25,0.325,0.417,0.20800000000000002,0.33299999999999996,0.45799999999999996,0.091,0.091,0.231,0.6940000000000001,0.418,0.5710000000000001,0.8140000000000001,0.7340000000000001,0.329,0.3204724656257857,0.02591955736843261
177,1744,Miguel Cabrera,DET,117,103,29,1,10,11,0,0.10300000000000001,0.265,0.078,0.389,0.282,0.359,0.359,0.233,0.466,0.301,0.045,0.045,0.355,0.6679999999999999,0.488,0.7070000000000001,0.835,0.7809999999999999,0.346,0.3510051091938531,0.014465633508245977
178,10847,Andrelton Simmons,LAA,124,121,35,3,14,16,3,0.024,0.08900000000000001,0.157,0.299,0.289,0.306,0.446,0.156,0.514,0.33,0.111,0.083,0.36200000000000004,0.701,0.506,0.725,0.9390000000000001,0.851,0.309,0.30875051869542264,0.0008073828627099003
179,14221,Jorge Soler,KCR,120,110,25,7,12,17,0,0.075,0.375,0.255,0.305,0.227,0.283,0.482,0.152,0.439,0.409,0.111,0.259,0.297,0.711,0.47,0.381,0.841,0.672,0.354,0.3223866550252763,0.0893032343918748
180,15564,Tyler White,HOU,55,46,12,0,4,0,0,0.16399999999999998,0.345,0.043,0.444,0.261,0.382,0.304,0.259,0.48100000000000004,0.259,0.0,0.0,0.245,0.611,0.384,0.605,0.845,0.75,0.308,0.42092440470886683,0.36663767762619104
181,14161,Byron Buxton,MIN,86,80,20,1,12,10,6,0.057999999999999996,0.256,0.213,0.333,0.25,0.302,0.463,0.207,0.24100000000000002,0.552,0.125,0.031,0.374,0.769,0.5329999999999999,0.507,0.828,0.6940000000000001,0.314,0.30769140969333386,0.02009105193205777
182,7287,Carlos Gonzalez,CLE,51,46,12,2,8,5,0,0.078,0.235,0.13,0.313,0.261,0.333,0.391,0.20600000000000002,0.588,0.20600000000000002,0.14300000000000002,0.28600000000000003,0.345,0.74,0.49700000000000005,0.575,0.7959999999999999,0.7020000000000001,0.289,0.30294619935463396,0.04825674517174389
183,10071,Jonathan Villar,BAL,135,122,32,3,19,10,6,0.081,0.17,0.139,0.302,0.262,0.328,0.402,0.222,0.495,0.28300000000000003,0.107,0.107,0.293,0.757,0.494,0.633,0.86,0.784,0.339,0.3273264343014569,0.034435297045849876
184,16478,Kyle Schwarber,CHC,91,83,20,4,9,8,0,0.08800000000000001,0.297,0.193,0.308,0.241,0.308,0.434,0.185,0.444,0.37,0.0,0.2,0.235,0.677,0.423,0.5770000000000001,0.7929999999999999,0.7240000000000001,0.339,0.319285426334717,0.058155084558356954
185,3516,Eric Hosmer,SDP,120,111,28,5,14,18,0,0.075,0.233,0.189,0.295,0.252,0.308,0.441,0.23199999999999998,0.47600000000000003,0.293,0.042,0.20800000000000002,0.327,0.764,0.499,0.6,0.853,0.752,0.31,0.31517760670155814,0.01670195710180047
186,11846,Leonys Martin,CLE,120,104,23,5,16,8,1,0.092,0.3,0.183,0.286,0.221,0.319,0.404,0.152,0.424,0.424,0.25,0.179,0.315,0.758,0.508,0.48100000000000004,0.76,0.662,0.276,0.2966750029742875,0.07490943106625898
187,5913,Leury Garcia,CHW,111,102,29,1,21,11,4,0.045,0.252,0.098,0.384,0.284,0.336,0.382,0.18100000000000002,0.556,0.264,0.053,0.053,0.37799999999999995,0.764,0.5539999999999999,0.557,0.857,0.745,0.31,0.3299502672119908,0.06435570068384122
188,9112,Khris Davis,OAK,120,110,24,9,13,19,0,0.075,0.28300000000000003,0.264,0.224,0.218,0.283,0.482,0.19699999999999998,0.32899999999999996,0.474,0.027999999999999997,0.25,0.331,0.802,0.521,0.429,0.768,0.64,0.293,0.27289156631472145,0.06862946650265712
189,15679,Rowdy Tellez,TOR,86,77,17,5,12,16,0,0.07,0.314,0.234,0.261,0.221,0.291,0.455,0.235,0.373,0.392,0.05,0.25,0.386,0.76,0.517,0.581,0.815,0.7020000000000001,0.293,0.2934306845524523,0.0014699131483014356
190,13367,Stephen Piscotty,OAK,126,113,29,3,13,13,1,0.095,0.23,0.142,0.317,0.257,0.325,0.398,0.2,0.4,0.4,0.028999999999999998,0.08800000000000001,0.295,0.695,0.46399999999999997,0.598,0.794,0.722,0.309,0.3210171371257134,0.038890411410075716
191,10231,Jose Iglesias,CIN,84,79,24,1,9,6,0,0.048,0.14300000000000002,0.089,0.348,0.304,0.345,0.392,0.299,0.46299999999999997,0.239,0.125,0.063,0.409,0.654,0.517,0.7909999999999999,0.9059999999999999,0.855,0.318,0.34196305293359935,0.07535551236980928
192,2530,Yonder Alonso,CHW,100,84,16,5,13,13,0,0.16,0.15,0.214,0.172,0.19,0.32,0.405,0.188,0.391,0.42,0.10300000000000001,0.172,0.242,0.7070000000000001,0.43200000000000005,0.603,0.915,0.813,0.296,0.29514466515450266,0.002889644748301771
193,9627,Yan Gomes,WSN,70,63,16,2,6,8,0,0.086,0.28600000000000003,0.127,0.341,0.254,0.329,0.381,0.209,0.442,0.349,0.067,0.133,0.34700000000000003,0.6579999999999999,0.47700000000000004,0.69,0.747,0.723,0.316,0.3137030876519602,0.007268709962151277
194,10556,Cesar Hernandez,PHI,121,109,29,2,14,9,2,0.091,0.132,0.128,0.293,0.266,0.331,0.394,0.23399999999999999,0.457,0.309,0.069,0.069,0.289,0.642,0.446,0.73,0.885,0.8290000000000001,0.333,0.33360471281427745,0.001815954397229521
195,15447,Ryon Healy,SEA,121,107,24,4,17,18,0,0.091,0.207,0.215,0.25,0.224,0.298,0.439,0.179,0.345,0.47600000000000003,0.175,0.1,0.248,0.67,0.442,0.484,0.9079999999999999,0.779,0.289,0.30802591820899167,0.06583362702073249
196,10047,Wil Myers,SDP,107,101,25,5,13,11,2,0.055999999999999994,0.364,0.198,0.351,0.248,0.29,0.446,0.237,0.39,0.373,0.091,0.22699999999999998,0.278,0.6679999999999999,0.445,0.574,0.7559999999999999,0.691,0.321,0.3351987163308339,0.044232761155245846
197,11902,Hanser Alberto,BAL,74,71,23,1,2,7,1,0.027000000000000003,0.10800000000000001,0.056,0.349,0.324,0.338,0.38,0.237,0.49200000000000005,0.271,0.063,0.063,0.436,0.758,0.5579999999999999,0.691,0.9309999999999999,0.8140000000000001,0.329,0.3079469830933599,0.06399093284693048
198,5760,Avisail Garcia,TBR,104,97,24,4,12,10,2,0.057999999999999996,0.298,0.196,0.323,0.247,0.298,0.443,0.182,0.439,0.379,0.0,0.16,0.415,0.769,0.552,0.48,0.758,0.631,0.332,0.3038105525808656,0.08490797415401936
199,12546,C.J. Cron,MIN,88,82,19,5,9,14,0,0.057,0.205,0.22,0.237,0.232,0.284,0.451,0.266,0.375,0.359,0.087,0.217,0.326,0.7170000000000001,0.49700000000000005,0.557,0.846,0.7390000000000001,0.311,0.28513128308351776,0.08317915407229015
200,5254,Robbie Grossman,OAK,86,74,16,3,11,8,2,0.14,0.18600000000000003,0.162,0.236,0.216,0.326,0.378,0.193,0.298,0.509,0.034,0.10300000000000001,0.14300000000000002,0.578,0.35100000000000003,0.6,0.892,0.831,0.334,0.3188183005400832,0.045454189999750955
201,7619,Mark Reynolds,COL,67,53,10,3,5,8,1,0.149,0.373,0.189,0.259,0.189,0.328,0.377,0.3,0.36700000000000005,0.33299999999999996,0.3,0.3,0.26899999999999996,0.6579999999999999,0.43799999999999994,0.381,0.785,0.645,0.29,0.32889854347446074,0.1341329085326233
202,1177,Albert Pujols,LAA,107,91,20,4,10,15,0,0.11199999999999999,0.131,0.176,0.213,0.22,0.318,0.396,0.127,0.43,0.44299999999999995,0.257,0.114,0.304,0.561,0.415,0.6940000000000001,0.8909999999999999,0.809,0.305,0.3094827766537757,0.014697628373035154
203,10243,Randal Grichuk,TOR,119,110,27,4,16,11,0,0.067,0.28600000000000003,0.173,0.319,0.245,0.303,0.418,0.19699999999999998,0.395,0.408,0.09699999999999999,0.129,0.354,0.6990000000000001,0.491,0.495,0.8370000000000001,0.688,0.28,0.3092550846497217,0.10448244517757732
204,15518,Amed Rosario,NYM,113,106,29,2,10,17,3,0.062,0.23,0.132,0.346,0.274,0.319,0.406,0.2,0.475,0.325,0.038,0.077,0.371,0.748,0.518,0.5870000000000001,0.79,0.701,0.323,0.3056370449848731,0.05375527868460345
205,15194,Jake Bauers,CLE,99,87,21,3,12,11,1,0.111,0.212,0.138,0.281,0.241,0.323,0.379,0.16699999999999998,0.439,0.39399999999999996,0.154,0.115,0.21600000000000003,0.696,0.424,0.647,0.929,0.847,0.312,0.32501125941184067,0.04170275452513035
206,11493,Manny Machado,SDP,120,106,25,4,14,12,1,0.1,0.25,0.132,0.292,0.236,0.325,0.368,0.184,0.447,0.368,0.179,0.14300000000000002,0.326,0.695,0.46799999999999997,0.5379999999999999,0.8370000000000001,0.708,0.334,0.30655759591715054,0.08216288647559725
207,13624,Corey Seager,LAD,126,110,26,2,18,9,0,0.11900000000000001,0.214,0.127,0.296,0.236,0.333,0.364,0.205,0.349,0.446,0.054000000000000006,0.054000000000000006,0.278,0.746,0.475,0.532,0.873,0.758,0.335,0.3154332557141369,0.058408191898098906
208,15585,Mike Ford,NYY,32,24,4,1,6,2,0,0.21899999999999997,0.25,0.167,0.2,0.167,0.375,0.333,0.313,0.313,0.375,0.33299999999999996,0.16699999999999998,0.19,0.564,0.34299999999999997,0.667,0.903,0.826,0.35,0.344774276465667,0.014930638669522807
209,8090,Matt Carpenter,STL,125,104,21,3,18,5,1,0.16,0.248,0.154,0.254,0.202,0.328,0.356,0.278,0.20800000000000002,0.514,0.0,0.081,0.21100000000000002,0.654,0.405,0.545,0.862,0.769,0.334,0.32411688274733375,0.02959017141516848
210,9166,Buster Posey,SFG,97,88,22,1,7,9,0,0.08199999999999999,0.165,0.148,0.292,0.25,0.309,0.398,0.26,0.41100000000000003,0.32899999999999996,0.042,0.042,0.36200000000000004,0.639,0.478,0.688,0.96,0.841,0.32,0.33175872206841334,0.036746006463791656
211,15223,Adam Frazier,PIT,105,93,24,1,13,6,2,0.095,0.14300000000000002,0.086,0.299,0.258,0.337,0.344,0.28600000000000003,0.377,0.33799999999999997,0.077,0.038,0.253,0.6409999999999999,0.424,0.759,0.871,0.833,0.336,0.33020619837875315,0.017243457206091887
212,3312,Martin Prado,MIA,73,68,20,1,7,8,0,0.040999999999999995,0.13699999999999998,0.103,0.322,0.294,0.315,0.397,0.233,0.5329999999999999,0.233,0.14300000000000002,0.071,0.331,0.53,0.419,0.732,0.9570000000000001,0.857,0.265,0.3495441056323263,0.31903436087670295
213,11200,Kole Calhoun,LAA,121,108,21,7,17,16,0,0.107,0.256,0.241,0.2,0.194,0.281,0.435,0.16899999999999998,0.377,0.455,0.086,0.2,0.242,0.705,0.439,0.431,0.8370000000000001,0.7090000000000001,0.325,0.2859035689636687,0.12029671088101943
214,12158,Austin Barnes,LAD,87,73,15,3,13,10,1,0.138,0.184,0.164,0.218,0.205,0.322,0.37,0.19,0.466,0.345,0.1,0.15,0.18600000000000003,0.58,0.365,0.75,0.872,0.838,0.293,0.3137857424378819,0.07094110047058667
215,8259,Kurt Suzuki,WSN,53,48,12,2,4,9,0,0.038,0.151,0.146,0.256,0.25,0.302,0.396,0.268,0.341,0.39,0.063,0.125,0.35200000000000004,0.782,0.5660000000000001,0.677,0.882,0.818,0.324,0.27877006897000844,0.13959855256170237
216,7802,Miguel Rojas,MIA,96,87,24,0,8,8,0,0.073,0.083,0.069,0.3,0.276,0.333,0.345,0.19,0.506,0.304,0.083,0.0,0.35100000000000003,0.685,0.502,0.77,0.857,0.8240000000000001,0.331,0.30023090517811873,0.09295799039843287
217,8267,Chris Iannetta,COL,33,29,6,1,2,2,0,0.091,0.424,0.172,0.357,0.207,0.303,0.379,0.467,0.33299999999999996,0.2,0.0,0.33299999999999996,0.243,0.667,0.452,0.16699999999999998,0.688,0.545,0.311,0.33476438593517927,0.07641281651183043
218,18289,Brian Anderson,MIA,121,107,26,2,5,6,3,0.11599999999999999,0.215,0.093,0.304,0.243,0.331,0.336,0.235,0.444,0.321,0.115,0.077,0.309,0.667,0.467,0.58,0.848,0.7490000000000001,0.342,0.3274589653426661,0.042517645196882795
219,11470,Tony Wolters,COL,69,60,16,0,4,5,0,0.11599999999999999,0.145,0.1,0.314,0.267,0.348,0.367,0.255,0.49,0.255,0.0,0.0,0.262,0.621,0.424,0.6759999999999999,0.972,0.872,0.337,0.35282643305453254,0.046962709360630614
220,12147,Nick Ahmed,ARI,122,112,29,2,18,13,2,0.066,0.205,0.143,0.31,0.259,0.303,0.402,0.22699999999999998,0.489,0.284,0.12,0.08,0.28800000000000003,0.7090000000000001,0.486,0.653,0.84,0.782,0.316,0.32158680014677127,0.017679747299909065
221,11615,Brandon Drury,TOR,106,100,22,5,11,9,0,0.047,0.349,0.22,0.293,0.22,0.264,0.44,0.23800000000000002,0.349,0.413,0.077,0.192,0.33899999999999997,0.665,0.47200000000000003,0.518,0.835,0.7,0.262,0.3087201722164444,0.17832126800169604
222,18721,Guillermo Heredia,TBR,33,25,4,1,3,5,0,0.152,0.303,0.16,0.214,0.16,0.323,0.32,0.35700000000000004,0.5,0.14300000000000002,0.0,0.5,0.26,0.8,0.47200000000000003,0.6,0.7,0.667,0.306,0.2797748712921125,0.08570303499309645
223,11379,Delino DeShields,TEX,91,73,14,1,8,10,7,0.165,0.198,0.11,0.241,0.192,0.337,0.301,0.21600000000000003,0.392,0.392,0.1,0.05,0.17800000000000002,0.5820000000000001,0.35600000000000004,0.639,0.924,0.8440000000000001,0.325,0.3337281129619273,0.026855732190545444
224,4220,Ryan Zimmerman,WSN,86,75,16,3,7,11,0,0.11599999999999999,0.209,0.16,0.236,0.213,0.302,0.373,0.138,0.483,0.379,0.045,0.136,0.26899999999999996,0.596,0.401,0.603,0.8390000000000001,0.745,0.321,0.289326957121167,0.09866991551038315
225,4747,Curtis Granderson,MIA,94,80,15,4,8,11,0,0.11699999999999999,0.34,0.213,0.239,0.188,0.287,0.4,0.204,0.245,0.551,0.111,0.14800000000000002,0.222,0.611,0.369,0.5760000000000001,0.7979999999999999,0.715,0.281,0.3074394442253249,0.09409054884457241
226,15112,Ryan McMahon,COL,76,67,15,2,9,10,1,0.11800000000000001,0.263,0.119,0.289,0.224,0.316,0.343,0.196,0.522,0.28300000000000003,0.0,0.154,0.289,0.765,0.474,0.574,0.813,0.7240000000000001,0.329,0.2972372862771782,0.09654320280492948
227,12916,Francisco Lindor,CLE,38,37,9,3,6,6,1,0.0,0.237,0.243,0.231,0.243,0.237,0.486,0.172,0.379,0.44799999999999995,0.154,0.231,0.446,0.7040000000000001,0.547,0.73,0.9740000000000001,0.853,0.335,0.29152803725036563,0.12976705298398322
228,17484,Eloy Jimenez,CHW,85,79,19,3,6,8,0,0.059000000000000004,0.294,0.139,0.314,0.241,0.294,0.38,0.185,0.48100000000000004,0.33299999999999996,0.055999999999999994,0.16699999999999998,0.379,0.7240000000000001,0.504,0.642,0.787,0.718,0.315,0.29517449165594717,0.06293812172715185
229,17128,Ramon Laureano,OAK,107,97,23,3,16,11,3,0.055999999999999994,0.262,0.134,0.299,0.237,0.299,0.371,0.2,0.414,0.386,0.0,0.111,0.293,0.622,0.439,0.5589999999999999,0.835,0.732,0.34,0.30360717387836395,0.10703772388716493
230,7870,Jonathan Lucroy,LAA,93,86,22,2,12,11,0,0.065,0.09699999999999999,0.093,0.267,0.256,0.312,0.349,0.195,0.506,0.299,0.043,0.087,0.239,0.561,0.396,0.745,0.9620000000000001,0.895,0.305,0.3109040666557007,0.019357595592461318
231,4922,Ender Inciarte,ATL,101,90,21,2,8,6,3,0.08900000000000001,0.218,0.122,0.284,0.233,0.307,0.356,0.24600000000000002,0.585,0.16899999999999998,0.0,0.182,0.33,0.6890000000000001,0.49200000000000005,0.708,0.8390000000000001,0.7909999999999999,0.343,0.3176581491506291,0.073882947082714
232,17326,Cole Tucker,PIT,38,36,9,1,4,2,0,0.053,0.316,0.167,0.348,0.25,0.289,0.417,0.13,0.609,0.261,0.0,0.16699999999999998,0.33299999999999996,0.7120000000000001,0.493,0.48100000000000004,0.833,0.696,0.266,0.3245090486416679,0.2199588294799545
233,15274,Mike Tauchman,NYY,71,62,11,3,10,8,1,0.127,0.29600000000000004,0.21,0.211,0.177,0.282,0.387,0.098,0.585,0.317,0.0,0.231,0.22899999999999998,0.674,0.415,0.605,0.89,0.799,0.361,0.29472896297220397,0.18357627985539066
234,7007,Yadier Molina,STL,114,107,28,2,11,20,1,0.044000000000000004,0.079,0.131,0.265,0.262,0.289,0.393,0.29,0.41,0.3,0.067,0.067,0.406,0.7879999999999999,0.563,0.758,0.927,0.855,0.312,0.29345846893996685,0.059427984166772904
235,9774,Christian Vazquez,BOS,79,72,16,4,12,13,1,0.076,0.19,0.208,0.222,0.222,0.278,0.431,0.19,0.379,0.431,0.04,0.16,0.242,0.6509999999999999,0.43200000000000005,0.6940000000000001,0.893,0.833,0.32,0.29672929962484057,0.07272093867237324
236,19198,Yuli Gurriel,HOU,113,104,25,1,12,9,0,0.071,0.124,0.135,0.267,0.24,0.292,0.375,0.33,0.319,0.35200000000000004,0.094,0.031,0.29600000000000004,0.6759999999999999,0.465,0.742,0.917,0.856,0.343,0.31348086806041353,0.08606160915331339
237,14103,Rio Ruiz,BAL,106,92,21,2,8,10,0,0.12300000000000001,0.217,0.087,0.279,0.228,0.321,0.315,0.214,0.47100000000000003,0.314,0.136,0.091,0.249,0.645,0.41700000000000004,0.581,0.856,0.7609999999999999,0.306,0.310964176086069,0.016222797666892247
238,5751,Hernan Perez,MIL,56,52,11,3,7,6,1,0.071,0.375,0.192,0.286,0.212,0.268,0.404,0.09699999999999999,0.419,0.484,0.0,0.2,0.424,0.626,0.511,0.643,0.71,0.6779999999999999,0.262,0.28692454072379137,0.09513183482363112
239,13185,Orlando Arcia,MIL,105,98,23,4,12,11,0,0.067,0.22899999999999998,0.163,0.271,0.235,0.286,0.398,0.16399999999999998,0.5479999999999999,0.28800000000000003,0.14300000000000002,0.19,0.336,0.655,0.47200000000000003,0.5820000000000001,0.825,0.725,0.283,0.2866047980668472,0.012737802356350582
240,13265,Mike Zunino,TBR,70,67,15,2,7,12,0,0.043,0.257,0.194,0.277,0.224,0.257,0.418,0.204,0.34700000000000003,0.449,0.136,0.091,0.396,0.769,0.562,0.47200000000000003,0.88,0.721,0.232,0.27913833220330814,0.2031824663935695
241,14950,Johan Camargo,ATL,71,65,15,1,8,10,1,0.085,0.183,0.138,0.275,0.231,0.296,0.369,0.212,0.34600000000000003,0.442,0.087,0.043,0.40700000000000003,0.77,0.5539999999999999,0.632,0.885,0.774,0.279,0.2861483416987035,0.025621296411123606
242,4579,Starlin Castro,MIA,122,113,28,3,11,9,1,0.07400000000000001,0.14800000000000002,0.088,0.272,0.248,0.303,0.336,0.13699999999999998,0.589,0.27399999999999997,0.038,0.115,0.28300000000000003,0.626,0.428,0.76,0.91,0.853,0.3,0.29505190096778977,0.016493663440700728
243,9810,Brian Dozier,WSN,101,87,16,4,10,6,1,0.129,0.287,0.149,0.222,0.184,0.297,0.333,0.121,0.5,0.379,0.182,0.182,0.203,0.588,0.376,0.521,0.816,0.728,0.34,0.2890798859128576,0.1497650414327718
244,10200,Tucker Barnhart,CIN,78,67,14,2,8,5,0,0.128,0.244,0.119,0.261,0.209,0.312,0.328,0.271,0.41700000000000004,0.313,0.133,0.133,0.263,0.659,0.431,0.63,0.8,0.74,0.328,0.3032920485944021,0.07532912013901796
245,17062,Grayson Greiner,DET,77,72,16,3,7,9,0,0.052000000000000005,0.28600000000000003,0.153,0.277,0.222,0.273,0.375,0.14,0.52,0.34,0.059000000000000004,0.17600000000000002,0.358,0.657,0.47,0.516,0.887,0.711,0.251,0.2831253090084724,0.12798927891821665
246,13621,Jeimer Candelario,DET,114,99,22,0,13,5,1,0.12300000000000001,0.263,0.071,0.319,0.222,0.325,0.293,0.275,0.319,0.406,0.071,0.0,0.309,0.625,0.44299999999999995,0.598,0.9,0.779,0.306,0.31212406303430995,0.02001327788990182
247,13359,Tyler Naquin,CLE,73,70,18,1,7,7,3,0.040999999999999995,0.28800000000000003,0.114,0.354,0.257,0.288,0.371,0.22399999999999998,0.429,0.34700000000000003,0.235,0.059000000000000004,0.36,0.6970000000000001,0.502,0.695,0.7829999999999999,0.746,0.325,0.3132794542706049,0.03606321762890808
248,2900,Roberto Perez,CLE,70,61,13,2,3,5,0,0.086,0.32899999999999996,0.131,0.297,0.213,0.29,0.344,0.237,0.447,0.316,0.0,0.16699999999999998,0.213,0.64,0.382,0.389,0.789,0.654,0.321,0.2980686697829745,0.0714371657851261
249,5384,Juan Lagares,NYM,63,55,12,1,9,5,2,0.095,0.28600000000000003,0.091,0.306,0.218,0.306,0.309,0.162,0.595,0.243,0.0,0.111,0.305,0.625,0.44,0.574,0.843,0.735,0.279,0.2956859976588853,0.05980644322181106
250,5827,Wilmer Flores,ARI,87,79,19,1,9,7,0,0.069,0.092,0.089,0.254,0.241,0.299,0.329,0.20800000000000002,0.40299999999999997,0.389,0.214,0.036000000000000004,0.249,0.625,0.43200000000000005,0.857,0.93,0.9079999999999999,0.361,0.30431054542062647,0.15703450021987125
251,13277,Joey Rickard,BAL,95,86,17,2,9,6,1,0.084,0.263,0.163,0.254,0.198,0.274,0.36,0.18,0.377,0.44299999999999995,0.222,0.07400000000000001,0.318,0.725,0.48700000000000004,0.688,0.831,0.7759999999999999,0.312,0.2875371036329302,0.07840671912522364
252,14109,Albert Almora Jr.,CHC,76,69,18,1,7,6,2,0.066,0.171,0.058,0.309,0.261,0.32,0.319,0.125,0.607,0.268,0.2,0.067,0.409,0.698,0.525,0.6,0.919,0.77,0.271,0.2915271357588213,0.07574588840893452
253,14712,Manuel Margot,SDP,84,83,21,2,9,9,1,0.012,0.20199999999999999,0.133,0.297,0.253,0.262,0.386,0.203,0.266,0.531,0.17600000000000002,0.059000000000000004,0.275,0.703,0.495,0.6829999999999999,0.8740000000000001,0.8220000000000001,0.304,0.294548284009325,0.031091171021957284
254,6547,Jordy Mercer,DET,51,47,11,0,2,2,0,0.059000000000000004,0.21600000000000003,0.085,0.306,0.234,0.294,0.319,0.19399999999999998,0.389,0.41700000000000004,0.0,0.0,0.252,0.57,0.39399999999999996,0.7240000000000001,0.943,0.866,0.31,0.3137692614324643,0.012158907846659066
255,785,Todd Frazier,NYM,30,29,6,2,2,7,1,0.0,0.33299999999999996,0.207,0.235,0.207,0.233,0.414,0.158,0.316,0.526,0.0,0.2,0.34600000000000003,0.5489999999999999,0.426,0.63,0.75,0.691,0.329,0.26204640056232786,0.2035063812695202
256,13066,Teoscar Hernandez,TOR,103,92,20,2,12,13,2,0.09699999999999999,0.262,0.12,0.281,0.217,0.291,0.337,0.182,0.39399999999999996,0.424,0.071,0.071,0.298,0.726,0.46399999999999997,0.494,0.79,0.6729999999999999,0.306,0.2801385968656886,0.08451438932781503
257,7435,Ben Zobrist,CHC,82,71,17,0,8,7,0,0.122,0.122,0.014,0.274,0.239,0.329,0.254,0.226,0.532,0.242,0.133,0.0,0.182,0.532,0.325,0.73,0.851,0.8109999999999999,0.358,0.3109418678918283,0.13144729639154099
258,9241,Starling Marte,PIT,80,75,15,3,9,11,3,0.025,0.2,0.2,0.214,0.2,0.241,0.4,0.18600000000000003,0.525,0.28800000000000003,0.11800000000000001,0.17600000000000002,0.39399999999999996,0.767,0.551,0.5379999999999999,0.88,0.7390000000000001,0.342,0.25636446794406725,0.25039629256120693
259,3410,Ryan Braun,MIL,105,97,19,5,11,16,1,0.057,0.23800000000000002,0.186,0.209,0.196,0.25,0.381,0.127,0.521,0.35200000000000004,0.08,0.2,0.382,0.725,0.522,0.562,0.897,0.7509999999999999,0.343,0.2594191374861504,0.24367598400539242
260,11982,Travis Shaw,MIL,110,98,19,4,10,8,0,0.091,0.345,0.153,0.268,0.194,0.282,0.347,0.22,0.373,0.40700000000000003,0.083,0.16699999999999998,0.276,0.6679999999999999,0.444,0.625,0.695,0.67,0.281,0.28932744206637695,0.02963502514724883
261,16442,Ryan O'Hearn,KCR,99,84,14,3,11,8,0,0.131,0.253,0.167,0.193,0.167,0.283,0.333,0.11699999999999999,0.5,0.38299999999999995,0.087,0.13,0.252,0.583,0.376,0.541,0.8690000000000001,0.731,0.281,0.2803541516823094,0.0022983925896462648
262,14894,Tony Kemp,HOU,45,39,7,2,7,3,1,0.08900000000000001,0.17800000000000002,0.154,0.172,0.179,0.273,0.333,0.133,0.433,0.433,0.0,0.154,0.264,0.579,0.41100000000000003,0.7390000000000001,0.932,0.866,0.291,0.25492812201207227,0.12395834360112618
263,1433,Wilson Ramos,NYM,99,89,22,1,12,17,0,0.081,0.152,0.056,0.284,0.247,0.313,0.303,0.2,0.627,0.17300000000000001,0.154,0.077,0.36200000000000004,0.779,0.5479999999999999,0.619,0.853,0.767,0.351,0.27826627040794394,0.2072186028263705
264,17719,Steven Duggar,SFG,117,108,24,3,10,11,1,0.051,0.299,0.139,0.292,0.222,0.265,0.361,0.21899999999999997,0.534,0.247,0.0,0.16699999999999998,0.259,0.636,0.435,0.485,0.853,0.737,0.278,0.3073620653871064,0.1056189402413899
265,15654,Billy McKinney,TOR,92,83,19,1,10,5,0,0.054000000000000006,0.207,0.108,0.281,0.229,0.278,0.337,0.24600000000000002,0.4,0.354,0.174,0.043,0.313,0.687,0.48200000000000004,0.643,0.871,0.79,0.274,0.2921717724160629,0.06632033728490103
266,18042,Dylan Moore,SEA,39,35,7,1,4,3,0,0.051,0.385,0.114,0.316,0.2,0.282,0.314,0.1,0.6,0.3,0.0,0.16699999999999998,0.26899999999999996,0.7759999999999999,0.483,0.607,0.8140000000000001,0.747,0.302,0.28338551389563993,0.06163737120649027
267,9744,Justin Bour,LAA,91,80,14,3,7,13,0,0.11,0.275,0.15,0.212,0.175,0.275,0.325,0.145,0.473,0.382,0.23800000000000002,0.14300000000000002,0.267,0.575,0.396,0.565,0.875,0.753,0.259,0.28762516307961217,0.11052186517224771
268,9256,A.J. Pollock,LAD,115,103,23,2,15,14,0,0.078,0.2,0.107,0.263,0.223,0.287,0.33,0.171,0.47600000000000003,0.354,0.10300000000000001,0.069,0.29600000000000004,0.6859999999999999,0.46,0.662,0.917,0.8220000000000001,0.327,0.29408943842506496,0.10064391918940381
269,15937,Aledmys Diaz,HOU,41,39,8,2,5,9,0,0.024,0.146,0.231,0.188,0.205,0.22,0.436,0.147,0.5589999999999999,0.294,0.1,0.2,0.39,0.758,0.5539999999999999,0.5,0.894,0.74,0.356,0.23048198715930845,0.3525786877547515
270,9368,Evan Longoria,SFG,109,104,22,3,9,11,1,0.037000000000000005,0.21100000000000002,0.163,0.244,0.212,0.248,0.375,0.198,0.38299999999999995,0.42,0.059000000000000004,0.08800000000000001,0.35,0.639,0.495,0.69,0.878,0.812,0.325,0.2804616995237116,0.13704092454242592
271,10199,Billy Hamilton,KCR,84,74,16,0,12,3,8,0.107,0.226,0.068,0.286,0.216,0.298,0.284,0.29100000000000004,0.436,0.273,0.267,0.0,0.27899999999999997,0.684,0.45899999999999996,0.642,0.856,0.7829999999999999,0.289,0.31706389831263837,0.09710691457660343
272,11602,Yolmer Sanchez,CHW,72,64,15,0,7,3,1,0.09699999999999999,0.264,0.031,0.326,0.234,0.306,0.266,0.2,0.467,0.33299999999999996,0.0,0.0,0.267,0.627,0.409,0.75,0.784,0.77,0.318,0.29721238900372354,0.06536984590024045
273,16512,Isiah Kiner-Falefa,TEX,59,50,10,0,7,5,1,0.11900000000000001,0.254,0.04,0.286,0.2,0.31,0.24,0.171,0.629,0.2,0.0,0.0,0.314,0.525,0.402,0.682,0.9620000000000001,0.833,0.299,0.3014278937692457,0.008120046050989087
274,8418,Ehire Adrianza,MIN,42,34,6,1,5,2,0,0.071,0.14300000000000002,0.088,0.179,0.176,0.293,0.265,0.31,0.379,0.31,0.0,0.111,0.337,0.629,0.455,0.871,0.846,0.857,0.349,0.2519558415984532,0.2780634911219106
275,9272,Chris Davis,BAL,75,68,12,3,6,13,0,0.08,0.373,0.176,0.243,0.176,0.253,0.353,0.175,0.375,0.45,0.0,0.16699999999999998,0.285,0.611,0.414,0.418,0.779,0.629,0.276,0.2650787656827829,0.039569689555134575
276,12976,Austin Hedges,SDP,68,63,11,4,5,9,0,0.044000000000000004,0.25,0.206,0.167,0.175,0.235,0.381,0.196,0.391,0.413,0.158,0.21100000000000002,0.331,0.664,0.479,0.5710000000000001,0.81,0.7190000000000001,0.252,0.24115007853182907,0.04305524392131322
277,5491,Austin Romine,NYY,47,45,11,1,5,8,0,0.021,0.213,0.089,0.294,0.244,0.261,0.333,0.114,0.514,0.371,0.231,0.077,0.429,0.78,0.618,0.633,0.922,0.83,0.31,0.2593838520539762,0.16327789660007683
278,6885,Ian Desmond,COL,98,92,18,3,9,13,0,0.051,0.265,0.174,0.234,0.196,0.235,0.37,0.22699999999999998,0.379,0.39399999999999996,0.115,0.115,0.305,0.745,0.496,0.594,0.8079999999999999,0.7340000000000001,0.31,0.26478756486370425,0.14584656495579273
279,12434,Kevin Pillar,- - -,111,103,21,5,13,19,3,0.036000000000000004,0.171,0.175,0.195,0.204,0.234,0.379,0.18600000000000003,0.395,0.419,0.083,0.139,0.43799999999999994,0.6579999999999999,0.529,0.736,0.929,0.836,0.287,0.2604944145292755,0.09235395634398766
280,15986,Willy Adames,TBR,98,90,18,1,13,4,1,0.071,0.29600000000000004,0.1,0.283,0.2,0.265,0.3,0.18600000000000003,0.61,0.203,0.0,0.083,0.298,0.6609999999999999,0.479,0.574,0.782,0.7170000000000001,0.317,0.27663148124059767,0.12734548504543325
281,13510,Jose Ramirez,CLE,121,105,19,2,13,9,9,0.107,0.14,0.095,0.195,0.181,0.281,0.276,0.22699999999999998,0.33,0.44299999999999995,0.10300000000000001,0.051,0.261,0.68,0.42700000000000005,0.731,0.903,0.84,0.327,0.2801224187430899,0.1433565176052297
282,11936,Joe Panik,SFG,94,84,17,1,6,7,0,0.085,0.11699999999999999,0.071,0.219,0.202,0.277,0.274,0.264,0.431,0.306,0.091,0.045,0.22,0.645,0.41,0.87,0.927,0.91,0.315,0.2852933554368721,0.09430680813691392
283,17182,Jung Ho Kang,PIT,81,75,12,4,5,8,0,0.07400000000000001,0.34600000000000003,0.2,0.186,0.16,0.222,0.36,0.17,0.46799999999999997,0.36200000000000004,0.11800000000000001,0.235,0.335,0.595,0.444,0.507,0.841,0.6940000000000001,0.222,0.2562505683888659,0.154281839589486
284,14477,Jake Cave,MIN,38,34,7,0,1,3,0,0.105,0.237,0.029,0.28,0.206,0.289,0.235,0.08,0.76,0.16,0.0,0.0,0.344,0.778,0.507,0.613,0.857,0.753,0.351,0.2538045711974055,0.27691005356864523
285,14225,Yasiel Puig,CIN,106,99,19,4,8,15,3,0.047,0.255,0.162,0.214,0.192,0.226,0.354,0.21600000000000003,0.324,0.45899999999999996,0.11800000000000001,0.11800000000000001,0.43,0.805,0.5870000000000001,0.598,0.847,0.741,0.327,0.25062774155592715,0.23355430716841852
286,14145,Daniel Robertson,TBR,88,78,14,1,7,9,1,0.114,0.284,0.077,0.25,0.179,0.273,0.256,0.115,0.596,0.28800000000000003,0.067,0.067,0.213,0.6709999999999999,0.42,0.535,0.893,0.794,0.312,0.28069524237226245,0.10033576162736392
287,13369,Erik Gonzalez,PIT,59,51,11,0,2,2,3,0.102,0.22,0.078,0.289,0.216,0.298,0.294,0.111,0.611,0.278,0.3,0.0,0.376,0.782,0.5379999999999999,0.591,0.885,0.762,0.301,0.2930126202125938,0.02653614547311034
288,11342,Jesus Aguilar,MIL,92,80,13,3,8,12,0,0.098,0.228,0.138,0.175,0.163,0.244,0.3,0.233,0.35,0.41700000000000004,0.08,0.12,0.327,0.662,0.47100000000000003,0.5539999999999999,0.77,0.685,0.325,0.2333228931733137,0.28208340562057327
289,8610,Kendrys Morales,OAK,88,74,12,1,5,4,0,0.125,0.14800000000000002,0.054,0.18,0.162,0.284,0.216,0.129,0.484,0.387,0.083,0.042,0.231,0.637,0.405,0.733,0.903,0.848,0.313,0.2483582254457303,0.20652324138744313
290,2829,Manny Pina,MIL,31,26,4,0,1,1,0,0.09699999999999999,0.258,0.038,0.222,0.154,0.29,0.192,0.278,0.278,0.444,0.125,0.0,0.28,0.63,0.419,0.652,0.882,0.789,0.313,0.2555201315271006,0.18364175230958266
291,13620,Carson Kelly,ARI,53,51,10,0,3,6,0,0.019,0.245,0.137,0.263,0.196,0.226,0.333,0.237,0.474,0.289,0.182,0.0,0.325,0.69,0.504,0.5529999999999999,0.885,0.7759999999999999,0.348,0.2686870800575257,0.2279106894898687
292,13757,Chris Taylor,LAD,80,70,12,1,4,9,1,0.1,0.263,0.086,0.224,0.171,0.263,0.257,0.16,0.52,0.32,0.063,0.063,0.27699999999999997,0.755,0.494,0.5710000000000001,0.721,0.675,0.333,0.2349707719609861,0.294382066183225
293,19238,Lourdes Gurriel Jr.,TOR,44,40,7,0,2,7,1,0.068,0.273,0.1,0.25,0.175,0.25,0.275,0.14300000000000002,0.429,0.429,0.25,0.0,0.41700000000000004,0.621,0.491,0.605,0.833,0.7090000000000001,0.327,0.2454073223820503,0.24951889179801137
294,9776,Jason Kipnis,CLE,50,45,9,0,2,3,1,0.1,0.16,0.022,0.243,0.2,0.28,0.222,0.083,0.47200000000000003,0.444,0.0,0.0,0.27399999999999997,0.679,0.45299999999999996,0.69,0.789,0.7559999999999999,0.304,0.23011106946909393,0.2430556925358752
295,16535,Danny Jansen,TOR,75,66,12,0,5,4,0,0.09300000000000001,0.28,0.061,0.261,0.182,0.267,0.242,0.196,0.522,0.28300000000000003,0.0,0.0,0.276,0.637,0.429,0.617,0.835,0.754,0.279,0.26720588624583724,0.04227280915470531
296,6887,Martin Maldonado,KCR,83,74,13,1,8,2,0,0.07200000000000001,0.18100000000000002,0.081,0.207,0.176,0.256,0.257,0.11900000000000001,0.525,0.35600000000000004,0.14300000000000002,0.048,0.282,0.684,0.469,0.7140000000000001,0.9329999999999999,0.863,0.293,0.24908456570761123,0.1498820283016681
297,8553,Gerardo Parra,SFG,96,85,16,1,8,6,2,0.083,0.188,0.071,0.224,0.188,0.271,0.259,0.239,0.522,0.239,0.188,0.063,0.40399999999999997,0.754,0.545,0.638,0.8320000000000001,0.746,0.293,0.24889067689498676,0.15054376486352639
298,13593,Jose Peraza,CIN,92,89,18,2,9,7,4,0.022000000000000002,0.207,0.101,0.235,0.202,0.228,0.303,0.14300000000000002,0.32899999999999996,0.529,0.081,0.054000000000000006,0.4,0.727,0.5579999999999999,0.625,0.9540000000000001,0.8320000000000001,0.285,0.24456719856774006,0.14186947870968392
299,13608,Mallex Smith,SEA,110,97,16,1,15,5,8,0.1,0.3,0.082,0.234,0.165,0.255,0.247,0.156,0.578,0.266,0.059000000000000004,0.059000000000000004,0.223,0.6709999999999999,0.436,0.547,0.745,0.6920000000000001,0.3,0.2590698869529485,0.13643371015683822
300,13324,Ildemaro Vargas,ARI,40,40,8,1,6,4,1,0.0,0.175,0.15,0.219,0.2,0.2,0.35,0.212,0.485,0.303,0.0,0.1,0.425,0.5710000000000001,0.49700000000000005,0.742,0.9,0.831,0.299,0.24347105656061827,0.18571552989759774
301,14352,Lewis Brinson,MIA,82,76,15,0,4,4,0,0.024,0.341,0.066,0.313,0.197,0.247,0.263,0.20800000000000002,0.43799999999999994,0.354,0.11800000000000001,0.0,0.428,0.672,0.528,0.532,0.7979999999999999,0.6709999999999999,0.236,0.26073202439607024,0.10479671354267056
302,15082,Adam Engel,CHW,45,41,7,1,4,3,0,0.067,0.37799999999999995,0.122,0.261,0.171,0.227,0.293,0.22699999999999998,0.409,0.364,0.125,0.125,0.304,0.713,0.484,0.5479999999999999,0.7020000000000001,0.648,0.304,0.2476852894381843,0.18524575842702531
303,5343,Brandon Crawford,SFG,112,101,20,0,5,2,1,0.08900000000000001,0.259,0.02,0.278,0.198,0.277,0.218,0.25,0.528,0.222,0.125,0.0,0.319,0.75,0.507,0.44299999999999995,0.868,0.7170000000000001,0.304,0.26585464967941763,0.12547812605454725
304,5497,Marwin Gonzalez,MIN,86,78,13,2,5,7,1,0.09300000000000001,0.244,0.09,0.2,0.167,0.244,0.256,0.14,0.526,0.33299999999999996,0.105,0.105,0.282,0.653,0.429,0.629,0.894,0.7879999999999999,0.322,0.25223862430652455,0.21665023507290515
305,5275,Francisco Cervelli,PIT,88,80,14,1,9,4,0,0.068,0.273,0.063,0.236,0.175,0.25,0.238,0.161,0.429,0.41100000000000003,0.043,0.043,0.29,0.627,0.442,0.518,0.879,0.748,0.302,0.24718346462283025,0.18151170654691967
306,10815,Jurickson Profar,OAK,102,93,15,2,9,13,3,0.069,0.13699999999999998,0.108,0.167,0.161,0.225,0.269,0.2,0.46299999999999997,0.33799999999999997,0.222,0.07400000000000001,0.345,0.6729999999999999,0.469,0.7559999999999999,0.9309999999999999,0.85,0.301,0.2512569524614483,0.16525929414801227
307,10030,Chris Owings,KCR,104,96,15,2,8,8,4,0.077,0.327,0.115,0.217,0.156,0.221,0.271,0.16399999999999998,0.59,0.24600000000000002,0.067,0.133,0.33799999999999997,0.602,0.45299999999999996,0.48100000000000004,0.8490000000000001,0.6940000000000001,0.209,0.2514284685124948,0.2030070263755732
308,3448,Jeff Mathis,TEX,51,47,8,1,7,2,0,0.078,0.275,0.064,0.219,0.17,0.235,0.234,0.156,0.375,0.469,0.133,0.067,0.373,0.598,0.478,0.46299999999999997,0.845,0.687,0.209,0.22076032634588397,0.05626950404729175
309,12282,Rougned Odor,TEX,69,62,9,1,10,5,2,0.087,0.377,0.081,0.229,0.145,0.232,0.226,0.17600000000000002,0.353,0.47100000000000003,0.25,0.063,0.297,0.6940000000000001,0.45799999999999996,0.574,0.779,0.7,0.283,0.24032575607786238,0.1507923813503095
310,17736,Richie Martin Jr.,BAL,74,67,11,0,5,1,1,0.081,0.33799999999999997,0.045,0.262,0.164,0.243,0.209,0.244,0.46299999999999997,0.293,0.25,0.0,0.344,0.743,0.534,0.509,0.8270000000000001,0.72,0.26,0.25048266101502725,0.03660514994220291
311,6195,Ian Kinsler,SDP,91,83,11,2,7,2,1,0.08800000000000001,0.187,0.108,0.141,0.133,0.209,0.241,0.154,0.385,0.462,0.267,0.067,0.27,0.6509999999999999,0.447,0.7170000000000001,0.8640000000000001,0.816,0.278,0.2264387772451244,0.18547202429811374
312,19262,Garrett Hampson,COL,81,77,14,1,8,4,1,0.025,0.272,0.091,0.236,0.182,0.2,0.273,0.17,0.47200000000000003,0.358,0.368,0.053,0.19899999999999998,0.608,0.38,0.5,0.897,0.78,0.302,0.260367148592902,0.1378571238645629
313,14818,JaCoby Jones,DET,56,51,7,1,4,1,1,0.036000000000000004,0.33899999999999997,0.078,0.194,0.137,0.214,0.216,0.063,0.43799999999999994,0.5,0.125,0.063,0.4,0.643,0.509,0.583,0.889,0.757,0.31,0.20520958131998562,0.33803360864520765
314,16403,Francisco Mejia,SDP,44,41,6,0,2,1,0,0.045,0.273,0.073,0.207,0.146,0.205,0.22,0.207,0.44799999999999995,0.345,0.2,0.0,0.39799999999999996,0.7,0.52,0.6829999999999999,0.7959999999999999,0.7440000000000001,0.316,0.21269619491189684,0.32691077559526316
315,12984,Jackie Bradley Jr.,BOS,99,88,13,0,5,5,3,0.091,0.303,0.034,0.22,0.148,0.224,0.182,0.085,0.593,0.322,0.158,0.0,0.298,0.706,0.47700000000000004,0.485,0.76,0.6629999999999999,0.317,0.21868597756090868,0.3101388720476067
316,9253,Keon Broxton,NYM,45,41,6,0,4,2,4,0.08900000000000001,0.42200000000000004,0.0,0.273,0.146,0.222,0.146,0.136,0.5,0.364,0.0,0.0,0.261,0.642,0.418,0.36700000000000005,0.654,0.5489999999999999,0.242,0.2078128796538325,0.14126909233953514
317,16357,Pablo Reyes,PIT,39,36,5,0,5,3,0,0.077,0.359,0.0,0.227,0.139,0.205,0.139,0.095,0.429,0.47600000000000003,0.1,0.0,0.273,0.5379999999999999,0.386,0.45799999999999996,0.857,0.695,0.274,0.21295159565049113,0.22280439543616384
318,6848,Eduardo Nunez,BOS,46,44,7,0,3,5,3,0.022000000000000002,0.174,0.023,0.194,0.159,0.178,0.182,0.083,0.528,0.389,0.214,0.0,0.307,0.696,0.506,0.696,0.909,0.846,0.243,0.19623789611453332,0.19243664150397807
319,16623,Greg Allen,CLE,42,38,4,0,4,6,0,0.048,0.33299999999999996,0.053,0.16,0.105,0.167,0.158,0.16,0.48,0.36,0.111,0.0,0.4,0.7120000000000001,0.524,0.575,0.787,0.69,0.29,0.16265234884166113,0.4391298315804788
